function,file,count
_ZN4ROOT7Minuit228AnalyticalGradientCalculatorC2ERKNS0_7FCNBaseERKNS0_20MnUserTransformationE,third_party/root_ref/math/minuit2/inc/Minuit2/AnalyticalGradientCalculator.h,4
_ZN4ROOT7Minuit213ContoursErrorC2EjjNSt6__ROOT4spanIKNSt3__14pairIddEEEERKNS0_10MinosErrorESB_j,third_party/root_ref/math/minuit2/inc/Minuit2/ContoursError.h,1
_ZNK4ROOT7Minuit213ContoursErrorclEv,third_party/root_ref/math/minuit2/inc/Minuit2/ContoursError.h,1
_ZN4ROOT7Minuit216FunctionGradientC2ERKNS0_8LAVectorE,third_party/root_ref/math/minuit2/inc/Minuit2/FunctionGradient.h,6
_ZN4ROOT7Minuit216FunctionGradientC2ERKNS0_8LAVectorES4_,third_party/root_ref/math/minuit2/inc/Minuit2/FunctionGradient.h,2
_ZN4ROOT7Minuit216FunctionGradientC2ERKNS0_8LAVectorES4_S4_,third_party/root_ref/math/minuit2/inc/Minuit2/FunctionGradient.h,178
_ZN4ROOT7Minuit216FunctionGradientC2Ej,third_party/root_ref/math/minuit2/inc/Minuit2/FunctionGradient.h,33
_ZNK4ROOT7Minuit216FunctionGradient12IsAnalyticalEv,third_party/root_ref/math/minuit2/inc/Minuit2/FunctionGradient.h,46
_ZNK4ROOT7Minuit216FunctionGradient2G2Ev,third_party/root_ref/math/minuit2/inc/Minuit2/FunctionGradient.h,206
_ZNK4ROOT7Minuit216FunctionGradient3VecEv,third_party/root_ref/math/minuit2/inc/Minuit2/FunctionGradient.h,600
_ZNK4ROOT7Minuit216FunctionGradient4GradEv,third_party/root_ref/math/minuit2/inc/Minuit2/FunctionGradient.h,992
_ZNK4ROOT7Minuit216FunctionGradient5GstepEv,third_party/root_ref/math/minuit2/inc/Minuit2/FunctionGradient.h,169
_ZNK4ROOT7Minuit216FunctionGradient5HasG2Ev,third_party/root_ref/math/minuit2/inc/Minuit2/FunctionGradient.h,2
_ZN4ROOT7Minuit215FunctionMinimum3AddERKNS0_12MinimumStateENS1_6StatusE,third_party/root_ref/math/minuit2/inc/Minuit2/FunctionMinimum.h,31
_ZN4ROOT7Minuit215FunctionMinimumC1ERKNS0_11MinimumSeedEd,third_party/root_ref/math/minuit2/inc/Minuit2/FunctionMinimum.h,59
_ZN4ROOT7Minuit215FunctionMinimumC2ERKNS0_11MinimumSeedENSt6__ROOT4spanIKNS0_12MinimumStateEEEdNS1_6StatusE,third_party/root_ref/math/minuit2/inc/Minuit2/FunctionMinimum.h,87
_ZNK4ROOT7Minuit215FunctionMinimum10ParametersEv,third_party/root_ref/math/minuit2/inc/Minuit2/FunctionMinimum.h,8
_ZNK4ROOT7Minuit215FunctionMinimum5ErrorEv,third_party/root_ref/math/minuit2/inc/Minuit2/FunctionMinimum.h,29
_ZN4ROOT7Minuit218GradientCalculatorD2Ev,third_party/root_ref/math/minuit2/inc/Minuit2/GradientCalculator.h,77
_ZN4ROOT7Minuit225HessianGradientCalculatorC2ERKNS0_5MnFcnERKNS0_20MnUserTransformationERKNS0_10MnStrategyE,third_party/root_ref/math/minuit2/inc/Minuit2/HessianGradientCalculator.h,15
_ZNK4ROOT7Minuit225HessianGradientCalculator3FcnEv,third_party/root_ref/math/minuit2/inc/Minuit2/HessianGradientCalculator.h,15
_ZNK4ROOT7Minuit225HessianGradientCalculator8StrategyEv,third_party/root_ref/math/minuit2/inc/Minuit2/HessianGradientCalculator.h,30
_ZN4ROOT7Minuit225InitialGradientCalculatorC2ERKNS0_5MnFcnERKNS0_20MnUserTransformationE,third_party/root_ref/math/minuit2/inc/Minuit2/InitialGradientCalculator.h,29
_ZNK4ROOT7Minuit225InitialGradientCalculator5TrafoEv,third_party/root_ref/math/minuit2/inc/Minuit2/InitialGradientCalculator.h,413
_ZNK4ROOT7Minuit214MinimumBuilder10PrintLevelEv,third_party/root_ref/math/minuit2/inc/Minuit2/MinimumBuilder.h,174
_ZNK4ROOT7Minuit214MinimumBuilder12StorageLevelEv,third_party/root_ref/math/minuit2/inc/Minuit2/MinimumBuilder.h,108
_ZNK4ROOT7Minuit214MinimumBuilder9TraceIterEv,third_party/root_ref/math/minuit2/inc/Minuit2/MinimumBuilder.h,127
_ZN4ROOT7Minuit212MinimumErrorC2ERKNS0_11LASymMatrixEd,third_party/root_ref/math/minuit2/inc/Minuit2/MinimumError.h,157
_ZN4ROOT7Minuit212MinimumErrorC2Ej,third_party/root_ref/math/minuit2/inc/Minuit2/MinimumError.h,33
_ZNK4ROOT7Minuit212MinimumError10InvHessianEv,third_party/root_ref/math/minuit2/inc/Minuit2/MinimumError.h,672
_ZNK4ROOT7Minuit212MinimumError10IsAccurateEv,third_party/root_ref/math/minuit2/inc/Minuit2/MinimumError.h,64
_ZNK4ROOT7Minuit212MinimumError19HasReachedCallLimitEv,third_party/root_ref/math/minuit2/inc/Minuit2/MinimumError.h,27
_ZNK4ROOT7Minuit212MinimumError6DcovarEv,third_party/root_ref/math/minuit2/inc/Minuit2/MinimumError.h,338
_ZNK4ROOT7Minuit212MinimumError6MatrixEv,third_party/root_ref/math/minuit2/inc/Minuit2/MinimumError.h,89
_ZN4ROOT7Minuit219MinimumErrorUpdatorD2Ev,third_party/root_ref/math/minuit2/inc/Minuit2/MinimumErrorUpdator.h,29
_ZN4ROOT7Minuit217MinimumParametersC2ERKNS0_8LAVectorES4_d,third_party/root_ref/math/minuit2/inc/Minuit2/MinimumParameters.h,1
_ZN4ROOT7Minuit217MinimumParametersC2ERKNS0_8LAVectorEd,third_party/root_ref/math/minuit2/inc/Minuit2/MinimumParameters.h,109
_ZN4ROOT7Minuit217MinimumParametersC2EdNS1_6StatusE,third_party/root_ref/math/minuit2/inc/Minuit2/MinimumParameters.h,32
_ZNK4ROOT7Minuit217MinimumParameters3VecEv,third_party/root_ref/math/minuit2/inc/Minuit2/MinimumParameters.h,1474
_ZNK4ROOT7Minuit217MinimumParameters5DirinEv,third_party/root_ref/math/minuit2/inc/Minuit2/MinimumParameters.h,2
_ZN4ROOT7Minuit211MinimumSeedC2ERKNS0_12MinimumStateERKNS0_20MnUserTransformationE,third_party/root_ref/math/minuit2/inc/Minuit2/MinimumSeed.h,60
_ZNK4ROOT7Minuit211MinimumSeed10ParametersEv,third_party/root_ref/math/minuit2/inc/Minuit2/MinimumSeed.h,146
_ZNK4ROOT7Minuit211MinimumSeed4FvalEv,third_party/root_ref/math/minuit2/inc/Minuit2/MinimumSeed.h,3
_ZNK4ROOT7Minuit211MinimumSeed4NFcnEv,third_party/root_ref/math/minuit2/inc/Minuit2/MinimumSeed.h,59
_ZNK4ROOT7Minuit211MinimumSeed5ErrorEv,third_party/root_ref/math/minuit2/inc/Minuit2/MinimumSeed.h,59
_ZNK4ROOT7Minuit211MinimumSeed5StateEv,third_party/root_ref/math/minuit2/inc/Minuit2/MinimumSeed.h,381
_ZNK4ROOT7Minuit211MinimumSeed7IsValidEv,third_party/root_ref/math/minuit2/inc/Minuit2/MinimumSeed.h,27
_ZNK4ROOT7Minuit211MinimumSeed8GradientEv,third_party/root_ref/math/minuit2/inc/Minuit2/MinimumSeed.h,60
_ZNK4ROOT7Minuit211MinimumSeed9PrecisionEv,third_party/root_ref/math/minuit2/inc/Minuit2/MinimumSeed.h,28
_ZN4ROOT7Minuit212MinimumStateC1ERKNS0_17MinimumParametersEdi,third_party/root_ref/math/minuit2/inc/Minuit2/MinimumState.h,33
_ZN4ROOT7Minuit212MinimumStateC2ERKNS0_17MinimumParametersERKNS0_12MinimumErrorERKNS0_16FunctionGradientEdi,third_party/root_ref/math/minuit2/inc/Minuit2/MinimumState.h,217
_ZNK4ROOT7Minuit212MinimumState3VecEv,third_party/root_ref/math/minuit2/inc/Minuit2/MinimumState.h,366
_ZNK4ROOT7Minuit212MinimumState8GradientEv,third_party/root_ref/math/minuit2/inc/Minuit2/MinimumState.h,735
_ZN4ROOT7Minuit210MinosErrorC2ERKS1_,third_party/root_ref/math/minuit2/inc/Minuit2/MinosError.h,2
_ZN4ROOT7Minuit210MinosErrorC2EjdRKNS0_7MnCrossES4_,third_party/root_ref/math/minuit2/inc/Minuit2/MinosError.h,4
_ZNK4ROOT7Minuit210MinosError4NFcnEv,third_party/root_ref/math/minuit2/inc/Minuit2/MinosError.h,2
_ZNK4ROOT7Minuit210MinosErrorclEv,third_party/root_ref/math/minuit2/inc/Minuit2/MinosError.h,2
_ZN4ROOT7Minuit215MinuitParameter13SetLowerLimitEd,third_party/root_ref/math/minuit2/inc/Minuit2/MinuitParameter.h,4
_ZN4ROOT7Minuit215MinuitParameter3FixEv,third_party/root_ref/math/minuit2/inc/Minuit2/MinuitParameter.h,99
_ZN4ROOT7Minuit215MinuitParameter8SetValueEd,third_party/root_ref/math/minuit2/inc/Minuit2/MinuitParameter.h,96
_ZN4ROOT7Minuit215MinuitParameterC2EjRKNSt3__112basic_stringIcNS2_11char_traitsIcEENS2_9allocatorIcEEEEdd,third_party/root_ref/math/minuit2/inc/Minuit2/MinuitParameter.h,157
_ZNK4ROOT7Minuit215MinuitParameter5ErrorEv,third_party/root_ref/math/minuit2/inc/Minuit2/MinuitParameter.h,169
_ZNK4ROOT7Minuit215MinuitParameter5ValueEv,third_party/root_ref/math/minuit2/inc/Minuit2/MinuitParameter.h,243
_ZNK4ROOT7Minuit215MinuitParameter6NumberEv,third_party/root_ref/math/minuit2/inc/Minuit2/MinuitParameter.h,135
_ZNK4ROOT7Minuit215MinuitParameter7GetNameEv,third_party/root_ref/math/minuit2/inc/Minuit2/MinuitParameter.h,484
_ZNK4ROOT7Minuit215MinuitParameter7IsConstEv,third_party/root_ref/math/minuit2/inc/Minuit2/MinuitParameter.h,431
_ZNK4ROOT7Minuit215MinuitParameter7IsFixedEv,third_party/root_ref/math/minuit2/inc/Minuit2/MinuitParameter.h,521
_ZNK4ROOT7Minuit215MinuitParameter9HasLimitsEv,third_party/root_ref/math/minuit2/inc/Minuit2/MinuitParameter.h,2256
_ZN4ROOT7Minuit27MnCrossC2ERKS1_,third_party/root_ref/math/minuit2/inc/Minuit2/MnCross.h,12
_ZN4ROOT7Minuit27MnCrossC2EdRKNS0_20MnUserParameterStateEj,third_party/root_ref/math/minuit2/inc/Minuit2/MnCross.h,16
_ZNK4ROOT7Minuit27MnCross10NewMinimumEv,third_party/root_ref/math/minuit2/inc/Minuit2/MnCross.h,8
_ZNK4ROOT7Minuit27MnCross4NFcnEv,third_party/root_ref/math/minuit2/inc/Minuit2/MnCross.h,20
_ZNK4ROOT7Minuit27MnCross8AtMaxFcnEv,third_party/root_ref/math/minuit2/inc/Minuit2/MnCross.h,8
_ZN4ROOT7Minuit25MnFcnC2ERKNS0_7FCNBaseERKNS0_20MnUserTransformationEi,third_party/root_ref/math/minuit2/inc/Minuit2/MnFcn.h,32
_ZNK4ROOT7Minuit25MnFcn10NumOfCallsEv,third_party/root_ref/math/minuit2/inc/Minuit2/MnFcn.h,467
_ZNK4ROOT7Minuit25MnFcn2UpEv,third_party/root_ref/math/minuit2/inc/Minuit2/MnFcn.h,218
_ZNK4ROOT7Minuit25MnFcn3FcnEv,third_party/root_ref/math/minuit2/inc/Minuit2/MnFcn.h,853
_ZNK4ROOT7Minuit25MnFcn5TrafoEv,third_party/root_ref/math/minuit2/inc/Minuit2/MnFcn.h,1334
_ZNK4ROOT7Minuit25MnFcn8ErrorDefEv,third_party/root_ref/math/minuit2/inc/Minuit2/MnFcn.h,42
_ZN4ROOT7Minuit215MnFunctionCrossC2ERKNS0_7FCNBaseERKNS0_20MnUserParameterStateEdRKNS0_10MnStrategyE,third_party/root_ref/math/minuit2/inc/Minuit2/MnFunctionCross.h,10
_ZN4ROOT7Minuit224MnGlobalCorrelationCoeffC2Ev,third_party/root_ref/math/minuit2/inc/Minuit2/MnGlobalCorrelationCoeff.h,163
_ZNK4ROOT7Minuit224MnGlobalCorrelationCoeff7IsValidEv,third_party/root_ref/math/minuit2/inc/Minuit2/MnGlobalCorrelationCoeff.h,31
_ZN4ROOT7Minuit27MnHesseC2ERKNS0_10MnStrategyE,third_party/root_ref/math/minuit2/inc/Minuit2/MnHesse.h,12
_ZNK4ROOT7Minuit218MnMachinePrecision3EpsEv,third_party/root_ref/math/minuit2/inc/Minuit2/MnMachinePrecision.h,415
_ZNK4ROOT7Minuit218MnMachinePrecision4Eps2Ev,third_party/root_ref/math/minuit2/inc/Minuit2/MnMachinePrecision.h,631
_ZN4ROOT7Minuit211LASymMatrix4DataEv,third_party/root_ref/math/minuit2/inc/Minuit2/MnMatrix.h,306
_ZN4ROOT7Minuit211LASymMatrixC2ERKS1_,third_party/root_ref/math/minuit2/inc/Minuit2/MnMatrix.h,1301
_ZN4ROOT7Minuit211LASymMatrixC2Ej,third_party/root_ref/math/minuit2/inc/Minuit2/MnMatrix.h,332
_ZN4ROOT7Minuit211LASymMatrixC2INS0_18VectorOuterProductINS0_5ABObjINS0_3vecENS0_8LAVectorEdEEdEEdEERKNS4_INS0_3symENS0_5ABSumINS4_IS9_NS3_INS4_IS5_S6_T0_EESB_EESB_EENS4_IS9_T_SB_EEEESB_EE,third_party/root_ref/math/minuit2/inc/Minuit2/MnMatrix.h,81
_ZN4ROOT7Minuit211LASymMatrixC2IdEERKNS0_5ABObjINS0_3symES1_T_EE,third_party/root_ref/math/minuit2/inc/Minuit2/MnMatrix.h,89
_ZN4ROOT7Minuit211LASymMatrixD2Ev,third_party/root_ref/math/minuit2/inc/Minuit2/MnMatrix.h,1803
_ZN4ROOT7Minuit211LASymMatrixaSERKS1_,third_party/root_ref/math/minuit2/inc/Minuit2/MnMatrix.h,16
_ZN4ROOT7Minuit211LASymMatrixclEjj,third_party/root_ref/math/minuit2/inc/Minuit2/MnMatrix.h,1900
_ZN4ROOT7Minuit211LASymMatrixpLERKS1_,third_party/root_ref/math/minuit2/inc/Minuit2/MnMatrix.h,81
_ZN4ROOT7Minuit211LASymMatrixpLIdEERS1_RKNS0_5ABObjINS0_3symENS0_18VectorOuterProductINS4_INS0_3vecENS0_8LAVectorET_EES9_EES9_EE,third_party/root_ref/math/minuit2/inc/Minuit2/MnMatrix.h,121
_ZN4ROOT7Minuit213Outer_productERKNS0_5ABObjINS0_3vecENS0_8LAVectorEdEE,third_party/root_ref/math/minuit2/inc/Minuit2/MnMatrix.h,202
_ZN4ROOT7Minuit214StackAllocator10DeallocateEPv,third_party/root_ref/math/minuit2/inc/Minuit2/MnMatrix.h,9521
_ZN4ROOT7Minuit214StackAllocator8AllocateEm,third_party/root_ref/math/minuit2/inc/Minuit2/MnMatrix.h,9529
_ZN4ROOT7Minuit214StackAllocatorC2Ev,third_party/root_ref/math/minuit2/inc/Minuit2/MnMatrix.h,12
_ZN4ROOT7Minuit214StackAllocatorD2Ev,third_party/root_ref/math/minuit2/inc/Minuit2/MnMatrix.h,12
_ZN4ROOT7Minuit218VectorOuterProductINS0_5ABObjINS0_3vecENS0_8LAVectorEdEEdEC2ERKS5_,third_party/root_ref/math/minuit2/inc/Minuit2/MnMatrix.h,202
_ZN4ROOT7Minuit220StackAllocatorHolder3GetEv,third_party/root_ref/math/minuit2/inc/Minuit2/MnMatrix.h,19050
_ZN4ROOT7Minuit25ABObjINS0_3symENS0_11LASymMatrixEdEC2ERKS3_d,third_party/root_ref/math/minuit2/inc/Minuit2/MnMatrix.h,425
_ZN4ROOT7Minuit25ABObjINS0_3symENS0_18VectorOuterProductINS1_INS0_3vecENS0_8LAVectorEdEEdEEdEC2ERKS7_d,third_party/root_ref/math/minuit2/inc/Minuit2/MnMatrix.h,485
_ZN4ROOT7Minuit25ABObjINS0_3symENS0_5ABSumINS1_IS2_NS0_18VectorOuterProductINS1_INS0_3vecENS0_8LAVectorEdEEdEEdEES9_EEdEC2ERKSA_d,third_party/root_ref/math/minuit2/inc/Minuit2/MnMatrix.h,81
_ZN4ROOT7Minuit25ABObjINS0_3vecENS0_5ABSumINS1_IS2_NS0_8LAVectorEdEES5_EEdEC2ERKS6_d,third_party/root_ref/math/minuit2/inc/Minuit2/MnMatrix.h,484
_ZN4ROOT7Minuit25ABObjINS0_3vecENS0_6ABProdINS1_INS0_3symENS0_11LASymMatrixEdEENS1_IS2_NS0_8LAVectorEdEEEEdEC2ERKS9_d,third_party/root_ref/math/minuit2/inc/Minuit2/MnMatrix.h,336
_ZN4ROOT7Minuit25ABObjINS0_3vecENS0_8LAVectorEdEC2ERKS3_d,third_party/root_ref/math/minuit2/inc/Minuit2/MnMatrix.h,1732
_ZN4ROOT7Minuit25ABSumINS0_5ABObjINS0_3symENS0_18VectorOuterProductINS2_INS0_3vecENS0_8LAVectorEdEEdEEdEES9_EC2ERKS9_SC_,third_party/root_ref/math/minuit2/inc/Minuit2/MnMatrix.h,81
_ZN4ROOT7Minuit25ABSumINS0_5ABObjINS0_3vecENS0_8LAVectorEdEES5_EC2ERKS5_S8_,third_party/root_ref/math/minuit2/inc/Minuit2/MnMatrix.h,484
_ZN4ROOT7Minuit26ABProdINS0_5ABObjINS0_3symENS0_11LASymMatrixEdEENS2_INS0_3vecENS0_8LAVectorEdEEEC2ERKS5_RKS8_,third_party/root_ref/math/minuit2/inc/Minuit2/MnMatrix.h,336
_ZN4ROOT7Minuit28LAVector4DataEv,third_party/root_ref/math/minuit2/inc/Minuit2/MnMatrix.h,287
_ZN4ROOT7Minuit28LAVectorC1ERKS1_,third_party/root_ref/math/minuit2/inc/Minuit2/MnMatrix.h,6572
_ZN4ROOT7Minuit28LAVectorC2ENSt6__ROOT4spanIKdEE,third_party/root_ref/math/minuit2/inc/Minuit2/MnMatrix.h,6574
_ZN4ROOT7Minuit28LAVectorC2Ej,third_party/root_ref/math/minuit2/inc/Minuit2/MnMatrix.h,729
_ZN4ROOT7Minuit28LAVectorC2IS1_dEERKNS0_5ABObjINS0_3vecENS0_5ABSumINS3_IS4_S1_T0_EENS3_IS4_T_S6_EEEES6_EE,third_party/root_ref/math/minuit2/inc/Minuit2/MnMatrix.h,484
_ZN4ROOT7Minuit28LAVectorC2IdEERKNS0_5ABObjINS0_3vecENS0_6ABProdINS3_INS0_3symENS0_11LASymMatrixET_EENS3_IS4_S1_S8_EEEES8_EE,third_party/root_ref/math/minuit2/inc/Minuit2/MnMatrix.h,255
_ZN4ROOT7Minuit28LAVectorC2IdEERKNS0_5ABObjINS0_3vecES1_T_EE,third_party/root_ref/math/minuit2/inc/Minuit2/MnMatrix.h,82
_ZN4ROOT7Minuit28LAVectorD2Ev,third_party/root_ref/math/minuit2/inc/Minuit2/MnMatrix.h,8124
_ZN4ROOT7Minuit28LAVectoraSEOS1_,third_party/root_ref/math/minuit2/inc/Minuit2/MnMatrix.h,8
_ZN4ROOT7Minuit28LAVectoraSERKS1_,third_party/root_ref/math/minuit2/inc/Minuit2/MnMatrix.h,37
_ZN4ROOT7Minuit28LAVectoraSIdEERS1_RKNS0_5ABObjINS0_3vecENS0_6ABProdINS4_INS0_3symENS0_11LASymMatrixET_EENS4_IS5_S1_S9_EEEES9_EE,third_party/root_ref/math/minuit2/inc/Minuit2/MnMatrix.h,81
_ZN4ROOT7Minuit28LAVectoraSIdEERS1_RKNS0_5ABObjINS0_3vecES1_T_EE,third_party/root_ref/math/minuit2/inc/Minuit2/MnMatrix.h,484
_ZN4ROOT7Minuit28LAVectorclEj,third_party/root_ref/math/minuit2/inc/Minuit2/MnMatrix.h,7394
_ZN4ROOT7Minuit28LAVectormLEd,third_party/root_ref/math/minuit2/inc/Minuit2/MnMatrix.h,1051
_ZN4ROOT7Minuit28LAVectorpLIdEERS1_RKNS0_5ABObjINS0_3vecES1_T_EE,third_party/root_ref/math/minuit2/inc/Minuit2/MnMatrix.h,500
_ZN4ROOT7Minuit2dvERKNS0_8LAVectorEd,third_party/root_ref/math/minuit2/inc/Minuit2/MnMatrix.h,80
_ZN4ROOT7Minuit2dvINS0_3symENS0_18VectorOuterProductINS0_5ABObjINS0_3vecENS0_8LAVectorEdEEdEEdEENS4_IT_T0_T1_EERKSC_SB_,third_party/root_ref/math/minuit2/inc/Minuit2/MnMatrix.h,162
_ZN4ROOT7Minuit2miERKNS0_5ABObjINS0_3vecENS0_8LAVectorEdEES6_,third_party/root_ref/math/minuit2/inc/Minuit2/MnMatrix.h,209
_ZN4ROOT7Minuit2miINS0_3symENS0_18VectorOuterProductINS0_5ABObjINS0_3vecENS0_8LAVectorEdEEdEES8_dEENS4_IT_NS0_5ABSumINS4_IS9_T0_T2_EENS4_IS9_T1_SC_EEEESC_EERKSD_RKSF_,third_party/root_ref/math/minuit2/inc/Minuit2/MnMatrix.h,81
_ZN4ROOT7Minuit2mlERKNS0_5ABObjINS0_3symENS0_11LASymMatrixEdEERKNS1_INS0_3vecENS0_8LAVectorEdEE,third_party/root_ref/math/minuit2/inc/Minuit2/MnMatrix.h,336
_ZN4ROOT7Minuit2mlEdRKNS0_11LASymMatrixE,third_party/root_ref/math/minuit2/inc/Minuit2/MnMatrix.h,170
_ZN4ROOT7Minuit2mlEdRKNS0_8LAVectorE,third_party/root_ref/math/minuit2/inc/Minuit2/MnMatrix.h,233
_ZN4ROOT7Minuit2mlINS0_3symENS0_18VectorOuterProductINS0_5ABObjINS0_3vecENS0_8LAVectorEdEEdEEdEENS4_IT_T0_T1_EESB_RKSC_,third_party/root_ref/math/minuit2/inc/Minuit2/MnMatrix.h,40
_ZN4ROOT7Minuit2plERKNS0_5ABObjINS0_3vecENS0_8LAVectorEdEES6_,third_party/root_ref/math/minuit2/inc/Minuit2/MnMatrix.h,275
_ZNK4ROOT7Minuit211LASymMatrix4DataEv,third_party/root_ref/math/minuit2/inc/Minuit2/MnMatrix.h,2016
_ZNK4ROOT7Minuit211LASymMatrix4NrowEv,third_party/root_ref/math/minuit2/inc/Minuit2/MnMatrix.h,1926
_ZNK4ROOT7Minuit211LASymMatrix4sizeEv,third_party/root_ref/math/minuit2/inc/Minuit2/MnMatrix.h,3364
_ZNK4ROOT7Minuit211LASymMatrixclEjj,third_party/root_ref/math/minuit2/inc/Minuit2/MnMatrix.h,303
_ZNK4ROOT7Minuit218VectorOuterProductINS0_5ABObjINS0_3vecENS0_8LAVectorEdEEdE3ObjEv,third_party/root_ref/math/minuit2/inc/Minuit2/MnMatrix.h,687
_ZNK4ROOT7Minuit25ABObjINS0_3symENS0_11LASymMatrixEdE1fEv,third_party/root_ref/math/minuit2/inc/Minuit2/MnMatrix.h,425
_ZNK4ROOT7Minuit25ABObjINS0_3symENS0_11LASymMatrixEdE3ObjEv,third_party/root_ref/math/minuit2/inc/Minuit2/MnMatrix.h,692
_ZNK4ROOT7Minuit25ABObjINS0_3symENS0_18VectorOuterProductINS1_INS0_3vecENS0_8LAVectorEdEEdEEdE1fEv,third_party/root_ref/math/minuit2/inc/Minuit2/MnMatrix.h,485
_ZNK4ROOT7Minuit25ABObjINS0_3symENS0_18VectorOuterProductINS1_INS0_3vecENS0_8LAVectorEdEEdEEdE3ObjEv,third_party/root_ref/math/minuit2/inc/Minuit2/MnMatrix.h,970
_ZNK4ROOT7Minuit25ABObjINS0_3symENS0_5ABSumINS1_IS2_NS0_18VectorOuterProductINS1_INS0_3vecENS0_8LAVectorEdEEdEEdEES9_EEdE3ObjEv,third_party/root_ref/math/minuit2/inc/Minuit2/MnMatrix.h,162
_ZNK4ROOT7Minuit25ABObjINS0_3vecENS0_5ABSumINS1_IS2_NS0_8LAVectorEdEES5_EEdE1fEv,third_party/root_ref/math/minuit2/inc/Minuit2/MnMatrix.h,484
_ZNK4ROOT7Minuit25ABObjINS0_3vecENS0_5ABSumINS1_IS2_NS0_8LAVectorEdEES5_EEdE3ObjEv,third_party/root_ref/math/minuit2/inc/Minuit2/MnMatrix.h,968
_ZNK4ROOT7Minuit25ABObjINS0_3vecENS0_6ABProdINS1_INS0_3symENS0_11LASymMatrixEdEENS1_IS2_NS0_8LAVectorEdEEEEdE1fEv,third_party/root_ref/math/minuit2/inc/Minuit2/MnMatrix.h,336
_ZNK4ROOT7Minuit25ABObjINS0_3vecENS0_6ABProdINS1_INS0_3symENS0_11LASymMatrixEdEENS1_IS2_NS0_8LAVectorEdEEEEdE3ObjEv,third_party/root_ref/math/minuit2/inc/Minuit2/MnMatrix.h,1773
_ZNK4ROOT7Minuit25ABObjINS0_3vecENS0_8LAVectorEdE1fEv,third_party/root_ref/math/minuit2/inc/Minuit2/MnMatrix.h,1934
_ZNK4ROOT7Minuit25ABObjINS0_3vecENS0_8LAVectorEdE3ObjEv,third_party/root_ref/math/minuit2/inc/Minuit2/MnMatrix.h,3971
_ZNK4ROOT7Minuit25ABSumINS0_5ABObjINS0_3symENS0_18VectorOuterProductINS2_INS0_3vecENS0_8LAVectorEdEEdEEdEES9_E1AEv,third_party/root_ref/math/minuit2/inc/Minuit2/MnMatrix.h,81
_ZNK4ROOT7Minuit25ABSumINS0_5ABObjINS0_3symENS0_18VectorOuterProductINS2_INS0_3vecENS0_8LAVectorEdEEdEEdEES9_E1BEv,third_party/root_ref/math/minuit2/inc/Minuit2/MnMatrix.h,81
_ZNK4ROOT7Minuit25ABSumINS0_5ABObjINS0_3vecENS0_8LAVectorEdEES5_E1AEv,third_party/root_ref/math/minuit2/inc/Minuit2/MnMatrix.h,484
_ZNK4ROOT7Minuit25ABSumINS0_5ABObjINS0_3vecENS0_8LAVectorEdEES5_E1BEv,third_party/root_ref/math/minuit2/inc/Minuit2/MnMatrix.h,484
_ZNK4ROOT7Minuit26ABProdINS0_5ABObjINS0_3symENS0_11LASymMatrixEdEENS2_INS0_3vecENS0_8LAVectorEdEEE1AEv,third_party/root_ref/math/minuit2/inc/Minuit2/MnMatrix.h,672
_ZNK4ROOT7Minuit26ABProdINS0_5ABObjINS0_3symENS0_11LASymMatrixEdEENS2_INS0_3vecENS0_8LAVectorEdEEE1BEv,third_party/root_ref/math/minuit2/inc/Minuit2/MnMatrix.h,1101
_ZNK4ROOT7Minuit28LAVector4DataEv,third_party/root_ref/math/minuit2/inc/Minuit2/MnMatrix.h,9709
_ZNK4ROOT7Minuit28LAVector4sizeEv,third_party/root_ref/math/minuit2/inc/Minuit2/MnMatrix.h,14667
_ZNK4ROOT7Minuit28LAVectorclEj,third_party/root_ref/math/minuit2/inc/Minuit2/MnMatrix.h,4425
_ZN4ROOT7Minuit210MnParabolaC2Eddd,third_party/root_ref/math/minuit2/inc/Minuit2/MnParabola.h,118
_ZNK4ROOT7Minuit210MnParabola1AEv,third_party/root_ref/math/minuit2/inc/Minuit2/MnParabola.h,220
_ZNK4ROOT7Minuit210MnParabola1BEv,third_party/root_ref/math/minuit2/inc/Minuit2/MnParabola.h,118
_ZNK4ROOT7Minuit210MnParabola1CEv,third_party/root_ref/math/minuit2/inc/Minuit2/MnParabola.h,118
_ZNK4ROOT7Minuit210MnParabola3MinEv,third_party/root_ref/math/minuit2/inc/Minuit2/MnParabola.h,102
_ZN4ROOT7Minuit215MnParabolaPointC2Edd,third_party/root_ref/math/minuit2/inc/Minuit2/MnParabolaPoint.h,393
_ZNK4ROOT7Minuit215MnParabolaPoint1XEv,third_party/root_ref/math/minuit2/inc/Minuit2/MnParabolaPoint.h,1214
_ZNK4ROOT7Minuit215MnParabolaPoint1YEv,third_party/root_ref/math/minuit2/inc/Minuit2/MnParabolaPoint.h,1922
_ZNK4ROOT7Minuit215MnParameterScan4FvalEv,third_party/root_ref/math/minuit2/inc/Minuit2/MnParameterScan.h,2
MnApplication.cxx:_ZN4ROOT7Minuit27MnPrint3LogIJZNS0_13MnApplicationclEjdE3$_0EEEvNS1_9VerbosityEDpRKT_,third_party/root_ref/math/minuit2/inc/Minuit2/MnPrint.h,28
MnApplication.cxx:_ZN4ROOT7Minuit27MnPrint5DebugIJZNS0_13MnApplicationclEjdE3$_0EEEvDpRKT_,third_party/root_ref/math/minuit2/inc/Minuit2/MnPrint.h,28
MnContours.cxx:_ZN4ROOT7Minuit27MnPrint3LogIJZNKS0_10MnContours7ContourEjjjE3$_1EEEvNS1_9VerbosityEDpRKT_,third_party/root_ref/math/minuit2/inc/Minuit2/MnPrint.h,1
MnContours.cxx:_ZN4ROOT7Minuit27MnPrint5DebugIJZNKS0_10MnContours7ContourEjjjE3$_1EEEvDpRKT_,third_party/root_ref/math/minuit2/inc/Minuit2/MnPrint.h,1
MnFunctionCross.cxx:_ZN4ROOT7Minuit27MnPrint3LogIJZNKS0_15MnFunctionCrossclENSt6__ROOT4spanIKjEENS5_IKdEES9_djE3$_0EEEvNS1_9VerbosityEDpRKT_,third_party/root_ref/math/minuit2/inc/Minuit2/MnPrint.h,16
MnFunctionCross.cxx:_ZN4ROOT7Minuit27MnPrint3LogIJZNKS0_15MnFunctionCrossclENSt6__ROOT4spanIKjEENS5_IKdEES9_djE3$_1EEEvNS1_9VerbosityEDpRKT_,third_party/root_ref/math/minuit2/inc/Minuit2/MnPrint.h,16
MnFunctionCross.cxx:_ZN4ROOT7Minuit27MnPrint3LogIJZNKS0_15MnFunctionCrossclENSt6__ROOT4spanIKjEENS5_IKdEES9_djE3$_2EEEvNS1_9VerbosityEDpRKT_,third_party/root_ref/math/minuit2/inc/Minuit2/MnPrint.h,12
MnFunctionCross.cxx:_ZN4ROOT7Minuit27MnPrint3LogIJZNKS0_15MnFunctionCrossclENSt6__ROOT4spanIKjEENS5_IKdEES9_djE3$_4EEEvNS1_9VerbosityEDpRKT_,third_party/root_ref/math/minuit2/inc/Minuit2/MnPrint.h,8
MnFunctionCross.cxx:_ZN4ROOT7Minuit27MnPrint3LogIJZNKS0_15MnFunctionCrossclENSt6__ROOT4spanIKjEENS5_IKdEES9_djE3$_5EEEvNS1_9VerbosityEDpRKT_,third_party/root_ref/math/minuit2/inc/Minuit2/MnPrint.h,8
MnFunctionCross.cxx:_ZN4ROOT7Minuit27MnPrint4InfoIJZNKS0_15MnFunctionCrossclENSt6__ROOT4spanIKjEENS5_IKdEES9_djE3$_1EEEvDpRKT_,third_party/root_ref/math/minuit2/inc/Minuit2/MnPrint.h,16
MnFunctionCross.cxx:_ZN4ROOT7Minuit27MnPrint4InfoIJZNKS0_15MnFunctionCrossclENSt6__ROOT4spanIKjEENS5_IKdEES9_djE3$_2EEEvDpRKT_,third_party/root_ref/math/minuit2/inc/Minuit2/MnPrint.h,12
MnFunctionCross.cxx:_ZN4ROOT7Minuit27MnPrint4InfoIJZNKS0_15MnFunctionCrossclENSt6__ROOT4spanIKjEENS5_IKdEES9_djE3$_4EEEvDpRKT_,third_party/root_ref/math/minuit2/inc/Minuit2/MnPrint.h,8
MnFunctionCross.cxx:_ZN4ROOT7Minuit27MnPrint4InfoIJZNKS0_15MnFunctionCrossclENSt6__ROOT4spanIKjEENS5_IKdEES9_djE3$_5EEEvDpRKT_,third_party/root_ref/math/minuit2/inc/Minuit2/MnPrint.h,8
MnFunctionCross.cxx:_ZN4ROOT7Minuit27MnPrint5DebugIJZNKS0_15MnFunctionCrossclENSt6__ROOT4spanIKjEENS5_IKdEES9_djE3$_0EEEvDpRKT_,third_party/root_ref/math/minuit2/inc/Minuit2/MnPrint.h,16
Numerical2PGradientCalculator.cxx:_ZN4ROOT7Minuit27MnPrint3LogIJZNKS0_29Numerical2PGradientCalculatorclERKNS0_17MinimumParametersERKNS0_16FunctionGradientEE3$_0EEEvNS1_9VerbosityEDpRKT_,third_party/root_ref/math/minuit2/inc/Minuit2/MnPrint.h,104
Numerical2PGradientCalculator.cxx:_ZN4ROOT7Minuit27MnPrint3LogIJZNKS0_29Numerical2PGradientCalculatorclERKNS0_17MinimumParametersERKNS0_16FunctionGradientEE3$_1EEEvNS1_9VerbosityEDpRKT_,third_party/root_ref/math/minuit2/inc/Minuit2/MnPrint.h,232
Numerical2PGradientCalculator.cxx:_ZN4ROOT7Minuit27MnPrint3LogIJZNKS0_29Numerical2PGradientCalculatorclERKNS0_17MinimumParametersERKNS0_16FunctionGradientEE3$_2EEEvNS1_9VerbosityEDpRKT_,third_party/root_ref/math/minuit2/inc/Minuit2/MnPrint.h,104
Numerical2PGradientCalculator.cxx:_ZN4ROOT7Minuit27MnPrint5DebugIJZNKS0_29Numerical2PGradientCalculatorclERKNS0_17MinimumParametersERKNS0_16FunctionGradientEE3$_2EEEvDpRKT_,third_party/root_ref/math/minuit2/inc/Minuit2/MnPrint.h,104
Numerical2PGradientCalculator.cxx:_ZN4ROOT7Minuit27MnPrint5TraceIJZNKS0_29Numerical2PGradientCalculatorclERKNS0_17MinimumParametersERKNS0_16FunctionGradientEE3$_0EEEvDpRKT_,third_party/root_ref/math/minuit2/inc/Minuit2/MnPrint.h,104
Numerical2PGradientCalculator.cxx:_ZN4ROOT7Minuit27MnPrint5TraceIJZNKS0_29Numerical2PGradientCalculatorclERKNS0_17MinimumParametersERKNS0_16FunctionGradientEE3$_1EEEvDpRKT_,third_party/root_ref/math/minuit2/inc/Minuit2/MnPrint.h,232
SimplexBuilder.cxx:_ZN4ROOT7Minuit27MnPrint3LogIJZNKS0_14SimplexBuilder7MinimumERKNS0_5MnFcnERKNS0_18GradientCalculatorERKNS0_11MinimumSeedERKNS0_10MnStrategyEjdE3$_0EEEvNS1_9VerbosityEDpRKT_,third_party/root_ref/math/minuit2/inc/Minuit2/MnPrint.h,1
SimplexBuilder.cxx:_ZN4ROOT7Minuit27MnPrint5DebugIJZNKS0_14SimplexBuilder7MinimumERKNS0_5MnFcnERKNS0_18GradientCalculatorERKNS0_11MinimumSeedERKNS0_10MnStrategyEjdE3$_0EEEvDpRKT_,third_party/root_ref/math/minuit2/inc/Minuit2/MnPrint.h,1
_ZN4ROOT7Minuit27MnPrint3LogIJA107_cEEEvNS1_9VerbosityEDpRKT_,third_party/root_ref/math/minuit2/inc/Minuit2/MnPrint.h,2
_ZN4ROOT7Minuit27MnPrint3LogIJA10_cicA13_cdddcS4_dddcS4_dcS4_ddcS4_dddEEEvNS1_9VerbosityEDpRKT_,third_party/root_ref/math/minuit2/inc/Minuit2/MnPrint.h,102
_ZN4ROOT7Minuit27MnPrint3LogIJA10_cjA12_cdA3_cdEEEvNS1_9VerbosityEDpRKT_,third_party/root_ref/math/minuit2/inc/Minuit2/MnPrint.h,8
_ZN4ROOT7Minuit27MnPrint3LogIJA10_cjA22_cdA3_cdA8_cdEEEvNS1_9VerbosityEDpRKT_,third_party/root_ref/math/minuit2/inc/Minuit2/MnPrint.h,8
_ZN4ROOT7Minuit27MnPrint3LogIJA10_cmA5_cdS3_jA23_cNS0_8LAVectorEA15_cS6_EEEvNS1_9VerbosityEDpRKT_,third_party/root_ref/math/minuit2/inc/Minuit2/MnPrint.h,81
_ZN4ROOT7Minuit27MnPrint3LogIJA12_cPKcA10_cNS0_8LAVectorES6_dS6_S7_S6_S7_S6_S7_EEEvNS1_9VerbosityEDpRKT_,third_party/root_ref/math/minuit2/inc/Minuit2/MnPrint.h,15
_ZN4ROOT7Minuit27MnPrint3LogIJA12_cdA4_cdA9_cdS4_dEEEvNS1_9VerbosityEDpRKT_,third_party/root_ref/math/minuit2/inc/Minuit2/MnPrint.h,16
_ZN4ROOT7Minuit27MnPrint3LogIJA12_cjA11_cdA8_cdA7_cdEEEvNS1_9VerbosityEDpRKT_,third_party/root_ref/math/minuit2/inc/Minuit2/MnPrint.h,30
_ZN4ROOT7Minuit27MnPrint3LogIJA14_cEEEvNS1_9VerbosityEDpRKT_,third_party/root_ref/math/minuit2/inc/Minuit2/MnPrint.h,11
_ZN4ROOT7Minuit27MnPrint3LogIJA14_cNS0_15FunctionMinimumEEEEvNS1_9VerbosityEDpRKT_,third_party/root_ref/math/minuit2/inc/Minuit2/MnPrint.h,27
_ZN4ROOT7Minuit27MnPrint3LogIJA15_cA14_cNS0_8LAVectorEA13_cS5_S3_NS0_11LASymMatrixEA8_cdEEEvNS1_9VerbosityEDpRKT_,third_party/root_ref/math/minuit2/inc/Minuit2/MnPrint.h,27
_ZN4ROOT7Minuit27MnPrint3LogIJA15_cNS0_12MinimumStateEEEEvNS1_9VerbosityEDpRKT_,third_party/root_ref/math/minuit2/inc/Minuit2/MnPrint.h,25
_ZN4ROOT7Minuit27MnPrint3LogIJA15_cNS1_7OnelineEEEEvNS1_9VerbosityEDpRKT_,third_party/root_ref/math/minuit2/inc/Minuit2/MnPrint.h,26
_ZN4ROOT7Minuit27MnPrint3LogIJA16_cEEEvNS1_9VerbosityEDpRKT_,third_party/root_ref/math/minuit2/inc/Minuit2/MnPrint.h,1
_ZN4ROOT7Minuit27MnPrint3LogIJA16_cNS1_7OnelineEEEEvNS1_9VerbosityEDpRKT_,third_party/root_ref/math/minuit2/inc/Minuit2/MnPrint.h,1
_ZN4ROOT7Minuit27MnPrint3LogIJA16_cdEEEvNS1_9VerbosityEDpRKT_,third_party/root_ref/math/minuit2/inc/Minuit2/MnPrint.h,12
_ZN4ROOT7Minuit27MnPrint3LogIJA17_cA6_cA26_cjEEEvNS1_9VerbosityEDpRKT_,third_party/root_ref/math/minuit2/inc/Minuit2/MnPrint.h,8
_ZN4ROOT7Minuit27MnPrint3LogIJA17_cdA3_cdS4_dS4_dEEEvNS1_9VerbosityEDpRKT_,third_party/root_ref/math/minuit2/inc/Minuit2/MnPrint.h,16
_ZN4ROOT7Minuit27MnPrint3LogIJA17_cdcS3_jA5_cNS0_8LAVectorEA8_cdcS3_jdEEEvNS1_9VerbosityEDpRKT_,third_party/root_ref/math/minuit2/inc/Minuit2/MnPrint.h,7
_ZN4ROOT7Minuit27MnPrint3LogIJA18_cdA4_cdS4_dA9_cdEEEvNS1_9VerbosityEDpRKT_,third_party/root_ref/math/minuit2/inc/Minuit2/MnPrint.h,16
_ZN4ROOT7Minuit27MnPrint3LogIJA18_cdA7_cNS0_8LAVectorES4_dEEEvNS1_9VerbosityEDpRKT_,third_party/root_ref/math/minuit2/inc/Minuit2/MnPrint.h,1
_ZN4ROOT7Minuit27MnPrint3LogIJA19_cA14_cNS0_8LAVectorEA13_cS5_A15_cNS0_11LASymMatrixEA8_cdEEEvNS1_9VerbosityEDpRKT_,third_party/root_ref/math/minuit2/inc/Minuit2/MnPrint.h,81
_ZN4ROOT7Minuit27MnPrint3LogIJA19_cNS0_8LAVectorEEEEvNS1_9VerbosityEDpRKT_,third_party/root_ref/math/minuit2/inc/Minuit2/MnPrint.h,15
_ZN4ROOT7Minuit27MnPrint3LogIJA19_cdA2_cdEEEvNS1_9VerbosityEDpRKT_,third_party/root_ref/math/minuit2/inc/Minuit2/MnPrint.h,4
_ZN4ROOT7Minuit27MnPrint3LogIJA19_cdA6_cdEEEvNS1_9VerbosityEDpRKT_,third_party/root_ref/math/minuit2/inc/Minuit2/MnPrint.h,16
_ZN4ROOT7Minuit27MnPrint3LogIJA20_cNS0_11LASymMatrixEEEEvNS1_9VerbosityEDpRKT_,third_party/root_ref/math/minuit2/inc/Minuit2/MnPrint.h,16
_ZN4ROOT7Minuit27MnPrint3LogIJA20_cNS1_7OnelineENS0_16MnUserParametersEEEEvNS1_9VerbosityEDpRKT_,third_party/root_ref/math/minuit2/inc/Minuit2/MnPrint.h,16
_ZN4ROOT7Minuit27MnPrint3LogIJA20_ciA5_cdA6_cdEEEvNS1_9VerbosityEDpRKT_,third_party/root_ref/math/minuit2/inc/Minuit2/MnPrint.h,105
_ZN4ROOT7Minuit27MnPrint3LogIJA20_cjA7_cdEEEvNS1_9VerbosityEDpRKT_,third_party/root_ref/math/minuit2/inc/Minuit2/MnPrint.h,1
_ZN4ROOT7Minuit27MnPrint3LogIJA21_cjA22_cjjA11_cdA13_cdEEEvNS1_9VerbosityEDpRKT_,third_party/root_ref/math/minuit2/inc/Minuit2/MnPrint.h,1
_ZN4ROOT7Minuit27MnPrint3LogIJA21_cjA4_cdA7_cdEEEvNS1_9VerbosityEDpRKT_,third_party/root_ref/math/minuit2/inc/Minuit2/MnPrint.h,30
_ZN4ROOT7Minuit27MnPrint3LogIJA22_cA7_cjA4_cdS5_dA10_cdEEEvNS1_9VerbosityEDpRKT_,third_party/root_ref/math/minuit2/inc/Minuit2/MnPrint.h,27
_ZN4ROOT7Minuit27MnPrint3LogIJA22_cNS0_11LASymMatrixEEEEvNS1_9VerbosityEDpRKT_,third_party/root_ref/math/minuit2/inc/Minuit2/MnPrint.h,16
_ZN4ROOT7Minuit27MnPrint3LogIJA22_cNS0_8LAVectorEA9_cdEEEvNS1_9VerbosityEDpRKT_,third_party/root_ref/math/minuit2/inc/Minuit2/MnPrint.h,5
_ZN4ROOT7Minuit27MnPrint3LogIJA22_cPKcA23_cS5_EEEvNS1_9VerbosityEDpRKT_,third_party/root_ref/math/minuit2/inc/Minuit2/MnPrint.h,8
_ZN4ROOT7Minuit27MnPrint3LogIJA22_cdEEEvNS1_9VerbosityEDpRKT_,third_party/root_ref/math/minuit2/inc/Minuit2/MnPrint.h,16
_ZN4ROOT7Minuit27MnPrint3LogIJA22_cddEEEvNS1_9VerbosityEDpRKT_,third_party/root_ref/math/minuit2/inc/Minuit2/MnPrint.h,2
_ZN4ROOT7Minuit27MnPrint3LogIJA23_cNS0_12MinimumStateEEEEvNS1_9VerbosityEDpRKT_,third_party/root_ref/math/minuit2/inc/Minuit2/MnPrint.h,1
_ZN4ROOT7Minuit27MnPrint3LogIJA23_cNS0_8LAVectorEA12_cS4_A5_cS4_EEEvNS1_9VerbosityEDpRKT_,third_party/root_ref/math/minuit2/inc/Minuit2/MnPrint.h,2
_ZN4ROOT7Minuit27MnPrint3LogIJA23_cNS0_8LAVectorEEEEvNS1_9VerbosityEDpRKT_,third_party/root_ref/math/minuit2/inc/Minuit2/MnPrint.h,1
_ZN4ROOT7Minuit27MnPrint3LogIJA24_cNS1_7OnelineENS0_16MnUserParametersEEEEvNS1_9VerbosityEDpRKT_,third_party/root_ref/math/minuit2/inc/Minuit2/MnPrint.h,12
_ZN4ROOT7Minuit27MnPrint3LogIJA24_cdEEEvNS1_9VerbosityEDpRKT_,third_party/root_ref/math/minuit2/inc/Minuit2/MnPrint.h,6
_ZN4ROOT7Minuit27MnPrint3LogIJA24_ciNSt3__14pairIddEEA7_cdEEEvNS1_9VerbosityEDpRKT_,third_party/root_ref/math/minuit2/inc/Minuit2/MnPrint.h,8
_ZN4ROOT7Minuit27MnPrint3LogIJA24_cjEEEvNS1_9VerbosityEDpRKT_,third_party/root_ref/math/minuit2/inc/Minuit2/MnPrint.h,16
_ZN4ROOT7Minuit27MnPrint3LogIJA25_cNS1_7OnelineENS0_16MnUserParametersEEEEvNS1_9VerbosityEDpRKT_,third_party/root_ref/math/minuit2/inc/Minuit2/MnPrint.h,8
_ZN4ROOT7Minuit27MnPrint3LogIJA27_cA7_cdA14_cdS5_dA13_cjEEEvNS1_9VerbosityEDpRKT_,third_party/root_ref/math/minuit2/inc/Minuit2/MnPrint.h,81
_ZN4ROOT7Minuit27MnPrint3LogIJA27_cNS1_7OnelineENS0_16MnUserParametersEEEEvNS1_9VerbosityEDpRKT_,third_party/root_ref/math/minuit2/inc/Minuit2/MnPrint.h,8
_ZN4ROOT7Minuit27MnPrint3LogIJA27_cmEEEvNS1_9VerbosityEDpRKT_,third_party/root_ref/math/minuit2/inc/Minuit2/MnPrint.h,1
_ZN4ROOT7Minuit27MnPrint3LogIJA28_ccA13_cdddcS4_dddEEEvNS1_9VerbosityEDpRKT_,third_party/root_ref/math/minuit2/inc/Minuit2/MnPrint.h,60
_ZN4ROOT7Minuit27MnPrint3LogIJA28_cddA11_cddEEEvNS1_9VerbosityEDpRKT_,third_party/root_ref/math/minuit2/inc/Minuit2/MnPrint.h,8
_ZN4ROOT7Minuit27MnPrint3LogIJA31_cNS0_8LAVectorEEEEvNS1_9VerbosityEDpRKT_,third_party/root_ref/math/minuit2/inc/Minuit2/MnPrint.h,6
_ZN4ROOT7Minuit27MnPrint3LogIJA31_cdA18_cjEEEvNS1_9VerbosityEDpRKT_,third_party/root_ref/math/minuit2/inc/Minuit2/MnPrint.h,27
_ZN4ROOT7Minuit27MnPrint3LogIJA32_cA21_cNS0_8LAVectorEA22_cNS0_11LASymMatrixEA8_cdEEEvNS1_9VerbosityEDpRKT_,third_party/root_ref/math/minuit2/inc/Minuit2/MnPrint.h,1
_ZN4ROOT7Minuit27MnPrint3LogIJA32_cA21_cNS0_8LAVectorEA22_cS5_A18_cS5_S6_NS0_11LASymMatrixEA8_cdEEEvNS1_9VerbosityEDpRKT_,third_party/root_ref/math/minuit2/inc/Minuit2/MnPrint.h,15
_ZN4ROOT7Minuit27MnPrint3LogIJA33_cEEEvNS1_9VerbosityEDpRKT_,third_party/root_ref/math/minuit2/inc/Minuit2/MnPrint.h,3
_ZN4ROOT7Minuit27MnPrint3LogIJA33_cdA13_cdA8_cdEEEvNS1_9VerbosityEDpRKT_,third_party/root_ref/math/minuit2/inc/Minuit2/MnPrint.h,4
_ZN4ROOT7Minuit27MnPrint3LogIJA34_cmA12_cNS0_20MnUserParameterStateEEEEvNS1_9VerbosityEDpRKT_,third_party/root_ref/math/minuit2/inc/Minuit2/MnPrint.h,28
_ZN4ROOT7Minuit27MnPrint3LogIJA35_cNS0_12MinimumStateEEEEvNS1_9VerbosityEDpRKT_,third_party/root_ref/math/minuit2/inc/Minuit2/MnPrint.h,1
_ZN4ROOT7Minuit27MnPrint3LogIJA35_cjEEEvNS1_9VerbosityEDpRKT_,third_party/root_ref/math/minuit2/inc/Minuit2/MnPrint.h,8
_ZN4ROOT7Minuit27MnPrint3LogIJA36_cdEEEvNS1_9VerbosityEDpRKT_,third_party/root_ref/math/minuit2/inc/Minuit2/MnPrint.h,7
_ZN4ROOT7Minuit27MnPrint3LogIJA37_cdEEEvNS1_9VerbosityEDpRKT_,third_party/root_ref/math/minuit2/inc/Minuit2/MnPrint.h,4
_ZN4ROOT7Minuit27MnPrint3LogIJA38_cEEEvNS1_9VerbosityEDpRKT_,third_party/root_ref/math/minuit2/inc/Minuit2/MnPrint.h,40
_ZN4ROOT7Minuit27MnPrint3LogIJA38_cNS0_8LAVectorEEEEvNS1_9VerbosityEDpRKT_,third_party/root_ref/math/minuit2/inc/Minuit2/MnPrint.h,29
_ZN4ROOT7Minuit27MnPrint3LogIJA3_cdA14_cdddEEEvNS1_9VerbosityEDpRKT_,third_party/root_ref/math/minuit2/inc/Minuit2/MnPrint.h,45
_ZN4ROOT7Minuit27MnPrint3LogIJA3_cdA6_cdS4_dEEEvNS1_9VerbosityEDpRKT_,third_party/root_ref/math/minuit2/inc/Minuit2/MnPrint.h,42
_ZN4ROOT7Minuit27MnPrint3LogIJA40_cEEEvNS1_9VerbosityEDpRKT_,third_party/root_ref/math/minuit2/inc/Minuit2/MnPrint.h,41
_ZN4ROOT7Minuit27MnPrint3LogIJA40_cPKcA6_cdA2_cdS7_dS7_S6_dA4_cdA3_cdEEEvNS1_9VerbosityEDpRKT_,third_party/root_ref/math/minuit2/inc/Minuit2/MnPrint.h,42
_ZN4ROOT7Minuit27MnPrint3LogIJA40_cdEEEvNS1_9VerbosityEDpRKT_,third_party/root_ref/math/minuit2/inc/Minuit2/MnPrint.h,8
_ZN4ROOT7Minuit27MnPrint3LogIJA41_cjA6_cjA7_cjEEEvNS1_9VerbosityEDpRKT_,third_party/root_ref/math/minuit2/inc/Minuit2/MnPrint.h,8
_ZN4ROOT7Minuit27MnPrint3LogIJA43_cdA12_cNS0_8LAVectorEEEEvNS1_9VerbosityEDpRKT_,third_party/root_ref/math/minuit2/inc/Minuit2/MnPrint.h,104
_ZN4ROOT7Minuit27MnPrint3LogIJA4_cNS0_8LAVectorES3_S4_A8_cdS3_dEEEvNS1_9VerbosityEDpRKT_,third_party/root_ref/math/minuit2/inc/Minuit2/MnPrint.h,81
_ZN4ROOT7Minuit27MnPrint3LogIJA50_cEEEvNS1_9VerbosityEDpRKT_,third_party/root_ref/math/minuit2/inc/Minuit2/MnPrint.h,26
_ZN4ROOT7Minuit27MnPrint3LogIJA51_cdA3_cdEEEvNS1_9VerbosityEDpRKT_,third_party/root_ref/math/minuit2/inc/Minuit2/MnPrint.h,8
_ZN4ROOT7Minuit27MnPrint3LogIJA55_cdA3_cdA8_cdS4_dA17_cddEEEvNS1_9VerbosityEDpRKT_,third_party/root_ref/math/minuit2/inc/Minuit2/MnPrint.h,8
_ZN4ROOT7Minuit27MnPrint3LogIJA55_cdEEEvNS1_9VerbosityEDpRKT_,third_party/root_ref/math/minuit2/inc/Minuit2/MnPrint.h,81
_ZN4ROOT7Minuit27MnPrint3LogIJA58_cdEEEvNS1_9VerbosityEDpRKT_,third_party/root_ref/math/minuit2/inc/Minuit2/MnPrint.h,11
_ZN4ROOT7Minuit27MnPrint3LogIJA5_cNS0_8LAVectorEA6_cS4_A9_cdEEEvNS1_9VerbosityEDpRKT_,third_party/root_ref/math/minuit2/inc/Minuit2/MnPrint.h,7
_ZN4ROOT7Minuit27MnPrint3LogIJA5_cNS0_8LAVectorEA8_cdEEEvNS1_9VerbosityEDpRKT_,third_party/root_ref/math/minuit2/inc/Minuit2/MnPrint.h,1
_ZN4ROOT7Minuit27MnPrint3LogIJA5_cdA7_cdA8_cdEEEvNS1_9VerbosityEDpRKT_,third_party/root_ref/math/minuit2/inc/Minuit2/MnPrint.h,102
_ZN4ROOT7Minuit27MnPrint3LogIJA5_cdA8_cdS3_dEEEvNS1_9VerbosityEDpRKT_,third_party/root_ref/math/minuit2/inc/Minuit2/MnPrint.h,12
_ZN4ROOT7Minuit27MnPrint3LogIJA5_cdS3_dA7_cdA4_cdA8_cdA9_cdEEEvNS1_9VerbosityEDpRKT_,third_party/root_ref/math/minuit2/inc/Minuit2/MnPrint.h,30
_ZN4ROOT7Minuit27MnPrint3LogIJA64_cddEEEvNS1_9VerbosityEDpRKT_,third_party/root_ref/math/minuit2/inc/Minuit2/MnPrint.h,1
_ZN4ROOT7Minuit27MnPrint3LogIJA67_cdEEEvNS1_9VerbosityEDpRKT_,third_party/root_ref/math/minuit2/inc/Minuit2/MnPrint.h,32
_ZN4ROOT7Minuit27MnPrint3LogIJA6_cNS0_8LAVectorEA9_cdEEEvNS1_9VerbosityEDpRKT_,third_party/root_ref/math/minuit2/inc/Minuit2/MnPrint.h,2
_ZN4ROOT7Minuit27MnPrint3LogIJA6_cdA3_cdA9_cdA5_cdEEEvNS1_9VerbosityEDpRKT_,third_party/root_ref/math/minuit2/inc/Minuit2/MnPrint.h,81
_ZN4ROOT7Minuit27MnPrint3LogIJA6_cdEEEvNS1_9VerbosityEDpRKT_,third_party/root_ref/math/minuit2/inc/Minuit2/MnPrint.h,81
_ZN4ROOT7Minuit27MnPrint3LogIJA6_cjA4_cjA7_cdS4_dEEEvNS1_9VerbosityEDpRKT_,third_party/root_ref/math/minuit2/inc/Minuit2/MnPrint.h,30
_ZN4ROOT7Minuit27MnPrint3LogIJA6_cjA7_cjA5_cjS3_jEEEvNS1_9VerbosityEDpRKT_,third_party/root_ref/math/minuit2/inc/Minuit2/MnPrint.h,8
_ZN4ROOT7Minuit27MnPrint3LogIJA76_cEEEvNS1_9VerbosityEDpRKT_,third_party/root_ref/math/minuit2/inc/Minuit2/MnPrint.h,1
_ZN4ROOT7Minuit27MnPrint3LogIJA87_cEEEvNS1_9VerbosityEDpRKT_,third_party/root_ref/math/minuit2/inc/Minuit2/MnPrint.h,2
_ZN4ROOT7Minuit27MnPrint3LogIJA8_cdA10_cdEEEvNS1_9VerbosityEDpRKT_,third_party/root_ref/math/minuit2/inc/Minuit2/MnPrint.h,11
_ZN4ROOT7Minuit27MnPrint3LogIJA8_cdA5_cdEEEvNS1_9VerbosityEDpRKT_,third_party/root_ref/math/minuit2/inc/Minuit2/MnPrint.h,12
_ZN4ROOT7Minuit27MnPrint3LogIJA9_cdA17_cdEEEvNS1_9VerbosityEDpRKT_,third_party/root_ref/math/minuit2/inc/Minuit2/MnPrint.h,81
_ZN4ROOT7Minuit27MnPrint3LogIJA9_cdEEEvNS1_9VerbosityEDpRKT_,third_party/root_ref/math/minuit2/inc/Minuit2/MnPrint.h,84
_ZN4ROOT7Minuit27MnPrint3LogIJNS1_7OnelineEEEEvNS1_9VerbosityEDpRKT_,third_party/root_ref/math/minuit2/inc/Minuit2/MnPrint.h,126
_ZN4ROOT7Minuit27MnPrint3LogIJNSt3__112basic_stringIcNS3_11char_traitsIcEENS3_9allocatorIcEEEEEEEvNS1_9VerbosityEDpRKT_,third_party/root_ref/math/minuit2/inc/Minuit2/MnPrint.h,69
_ZN4ROOT7Minuit27MnPrint3LogIJNSt3__14pairIddEEEEEvNS1_9VerbosityEDpRKT_,third_party/root_ref/math/minuit2/inc/Minuit2/MnPrint.h,8
_ZN4ROOT7Minuit27MnPrint3LogIJPKcA13_cEEEvNS1_9VerbosityEDpRKT_,third_party/root_ref/math/minuit2/inc/Minuit2/MnPrint.h,27
_ZN4ROOT7Minuit27MnPrint3LogIJjA29_cPKNS0_5MnFcnEEEEvNS1_9VerbosityEDpRKT_,third_party/root_ref/math/minuit2/inc/Minuit2/MnPrint.h,26
_ZN4ROOT7Minuit27MnPrint4InfoIJA107_cEEEvDpRKT_,third_party/root_ref/math/minuit2/inc/Minuit2/MnPrint.h,2
_ZN4ROOT7Minuit27MnPrint4InfoIJA14_cEEEvDpRKT_,third_party/root_ref/math/minuit2/inc/Minuit2/MnPrint.h,11
_ZN4ROOT7Minuit27MnPrint4InfoIJA15_cNS0_12MinimumStateEEEEvDpRKT_,third_party/root_ref/math/minuit2/inc/Minuit2/MnPrint.h,25
_ZN4ROOT7Minuit27MnPrint4InfoIJA15_cNS1_7OnelineEEEEvDpRKT_,third_party/root_ref/math/minuit2/inc/Minuit2/MnPrint.h,26
_ZN4ROOT7Minuit27MnPrint4InfoIJA16_cNS1_7OnelineEEEEvDpRKT_,third_party/root_ref/math/minuit2/inc/Minuit2/MnPrint.h,1
_ZN4ROOT7Minuit27MnPrint4InfoIJA17_cA6_cA26_cjEEEvDpRKT_,third_party/root_ref/math/minuit2/inc/Minuit2/MnPrint.h,8
_ZN4ROOT7Minuit27MnPrint4InfoIJA20_cNS1_7OnelineENS0_16MnUserParametersEEEEvDpRKT_,third_party/root_ref/math/minuit2/inc/Minuit2/MnPrint.h,16
_ZN4ROOT7Minuit27MnPrint4InfoIJA22_cPKcA23_cS5_EEEvDpRKT_,third_party/root_ref/math/minuit2/inc/Minuit2/MnPrint.h,8
_ZN4ROOT7Minuit27MnPrint4InfoIJA23_cNS0_12MinimumStateEEEEvDpRKT_,third_party/root_ref/math/minuit2/inc/Minuit2/MnPrint.h,1
_ZN4ROOT7Minuit27MnPrint4InfoIJA24_cNS1_7OnelineENS0_16MnUserParametersEEEEvDpRKT_,third_party/root_ref/math/minuit2/inc/Minuit2/MnPrint.h,12
_ZN4ROOT7Minuit27MnPrint4InfoIJA24_ciNSt3__14pairIddEEA7_cdEEEvDpRKT_,third_party/root_ref/math/minuit2/inc/Minuit2/MnPrint.h,8
_ZN4ROOT7Minuit27MnPrint4InfoIJA25_cNS1_7OnelineENS0_16MnUserParametersEEEEvDpRKT_,third_party/root_ref/math/minuit2/inc/Minuit2/MnPrint.h,8
_ZN4ROOT7Minuit27MnPrint4InfoIJA27_cNS1_7OnelineENS0_16MnUserParametersEEEEvDpRKT_,third_party/root_ref/math/minuit2/inc/Minuit2/MnPrint.h,8
_ZN4ROOT7Minuit27MnPrint4InfoIJA27_cmEEEvDpRKT_,third_party/root_ref/math/minuit2/inc/Minuit2/MnPrint.h,1
_ZN4ROOT7Minuit27MnPrint4InfoIJA31_cdA18_cjEEEvDpRKT_,third_party/root_ref/math/minuit2/inc/Minuit2/MnPrint.h,27
_ZN4ROOT7Minuit27MnPrint4InfoIJA35_cNS0_12MinimumStateEEEEvDpRKT_,third_party/root_ref/math/minuit2/inc/Minuit2/MnPrint.h,1
_ZN4ROOT7Minuit27MnPrint4InfoIJA37_cdEEEvDpRKT_,third_party/root_ref/math/minuit2/inc/Minuit2/MnPrint.h,4
_ZN4ROOT7Minuit27MnPrint4InfoIJA50_cEEEvDpRKT_,third_party/root_ref/math/minuit2/inc/Minuit2/MnPrint.h,26
_ZN4ROOT7Minuit27MnPrint4InfoIJA67_cdEEEvDpRKT_,third_party/root_ref/math/minuit2/inc/Minuit2/MnPrint.h,32
_ZN4ROOT7Minuit27MnPrint4InfoIJA76_cEEEvDpRKT_,third_party/root_ref/math/minuit2/inc/Minuit2/MnPrint.h,1
_ZN4ROOT7Minuit27MnPrint4InfoIJA87_cEEEvDpRKT_,third_party/root_ref/math/minuit2/inc/Minuit2/MnPrint.h,2
_ZN4ROOT7Minuit27MnPrint4InfoIJNS1_7OnelineEEEEvDpRKT_,third_party/root_ref/math/minuit2/inc/Minuit2/MnPrint.h,126
_ZN4ROOT7Minuit27MnPrint4InfoIJNSt3__112basic_stringIcNS3_11char_traitsIcEENS3_9allocatorIcEEEEEEEvDpRKT_,third_party/root_ref/math/minuit2/inc/Minuit2/MnPrint.h,69
_ZN4ROOT7Minuit27MnPrint4InfoIJNSt3__14pairIddEEEEEvDpRKT_,third_party/root_ref/math/minuit2/inc/Minuit2/MnPrint.h,8
_ZN4ROOT7Minuit27MnPrint4WarnIJA23_cNS0_8LAVectorEA12_cS4_A5_cS4_EEEvDpRKT_,third_party/root_ref/math/minuit2/inc/Minuit2/MnPrint.h,2
_ZN4ROOT7Minuit27MnPrint5DebugIJA10_cjA12_cdA3_cdEEEvDpRKT_,third_party/root_ref/math/minuit2/inc/Minuit2/MnPrint.h,8
_ZN4ROOT7Minuit27MnPrint5DebugIJA10_cjA22_cdA3_cdA8_cdEEEvDpRKT_,third_party/root_ref/math/minuit2/inc/Minuit2/MnPrint.h,8
_ZN4ROOT7Minuit27MnPrint5DebugIJA10_cmA5_cdS3_jA23_cNS0_8LAVectorEA15_cS6_EEEvDpRKT_,third_party/root_ref/math/minuit2/inc/Minuit2/MnPrint.h,81
_ZN4ROOT7Minuit27MnPrint5DebugIJA12_cPKcA10_cNS0_8LAVectorES6_dS6_S7_S6_S7_S6_S7_EEEvDpRKT_,third_party/root_ref/math/minuit2/inc/Minuit2/MnPrint.h,15
_ZN4ROOT7Minuit27MnPrint5DebugIJA12_cdA4_cdA9_cdS4_dEEEvDpRKT_,third_party/root_ref/math/minuit2/inc/Minuit2/MnPrint.h,16
_ZN4ROOT7Minuit27MnPrint5DebugIJA12_cjA11_cdA8_cdA7_cdEEEvDpRKT_,third_party/root_ref/math/minuit2/inc/Minuit2/MnPrint.h,30
_ZN4ROOT7Minuit27MnPrint5DebugIJA14_cNS0_15FunctionMinimumEEEEvDpRKT_,third_party/root_ref/math/minuit2/inc/Minuit2/MnPrint.h,27
_ZN4ROOT7Minuit27MnPrint5DebugIJA15_cA14_cNS0_8LAVectorEA13_cS5_S3_NS0_11LASymMatrixEA8_cdEEEvDpRKT_,third_party/root_ref/math/minuit2/inc/Minuit2/MnPrint.h,27
_ZN4ROOT7Minuit27MnPrint5DebugIJA16_cEEEvDpRKT_,third_party/root_ref/math/minuit2/inc/Minuit2/MnPrint.h,1
_ZN4ROOT7Minuit27MnPrint5DebugIJA16_cdEEEvDpRKT_,third_party/root_ref/math/minuit2/inc/Minuit2/MnPrint.h,12
_ZN4ROOT7Minuit27MnPrint5DebugIJA17_cdA3_cdS4_dS4_dEEEvDpRKT_,third_party/root_ref/math/minuit2/inc/Minuit2/MnPrint.h,16
_ZN4ROOT7Minuit27MnPrint5DebugIJA17_cdcS3_jA5_cNS0_8LAVectorEA8_cdcS3_jdEEEvDpRKT_,third_party/root_ref/math/minuit2/inc/Minuit2/MnPrint.h,7
_ZN4ROOT7Minuit27MnPrint5DebugIJA18_cdA4_cdS4_dA9_cdEEEvDpRKT_,third_party/root_ref/math/minuit2/inc/Minuit2/MnPrint.h,16
_ZN4ROOT7Minuit27MnPrint5DebugIJA18_cdA7_cNS0_8LAVectorES4_dEEEvDpRKT_,third_party/root_ref/math/minuit2/inc/Minuit2/MnPrint.h,1
_ZN4ROOT7Minuit27MnPrint5DebugIJA19_cA14_cNS0_8LAVectorEA13_cS5_A15_cNS0_11LASymMatrixEA8_cdEEEvDpRKT_,third_party/root_ref/math/minuit2/inc/Minuit2/MnPrint.h,81
_ZN4ROOT7Minuit27MnPrint5DebugIJA19_cNS0_8LAVectorEEEEvDpRKT_,third_party/root_ref/math/minuit2/inc/Minuit2/MnPrint.h,15
_ZN4ROOT7Minuit27MnPrint5DebugIJA19_cdA2_cdEEEvDpRKT_,third_party/root_ref/math/minuit2/inc/Minuit2/MnPrint.h,4
_ZN4ROOT7Minuit27MnPrint5DebugIJA19_cdA6_cdEEEvDpRKT_,third_party/root_ref/math/minuit2/inc/Minuit2/MnPrint.h,16
_ZN4ROOT7Minuit27MnPrint5DebugIJA20_cNS0_11LASymMatrixEEEEvDpRKT_,third_party/root_ref/math/minuit2/inc/Minuit2/MnPrint.h,16
_ZN4ROOT7Minuit27MnPrint5DebugIJA20_cjA7_cdEEEvDpRKT_,third_party/root_ref/math/minuit2/inc/Minuit2/MnPrint.h,1
_ZN4ROOT7Minuit27MnPrint5DebugIJA21_cjA22_cjjA11_cdA13_cdEEEvDpRKT_,third_party/root_ref/math/minuit2/inc/Minuit2/MnPrint.h,1
_ZN4ROOT7Minuit27MnPrint5DebugIJA21_cjA4_cdA7_cdEEEvDpRKT_,third_party/root_ref/math/minuit2/inc/Minuit2/MnPrint.h,30
_ZN4ROOT7Minuit27MnPrint5DebugIJA22_cA7_cjA4_cdS5_dA10_cdEEEvDpRKT_,third_party/root_ref/math/minuit2/inc/Minuit2/MnPrint.h,27
_ZN4ROOT7Minuit27MnPrint5DebugIJA22_cNS0_11LASymMatrixEEEEvDpRKT_,third_party/root_ref/math/minuit2/inc/Minuit2/MnPrint.h,16
_ZN4ROOT7Minuit27MnPrint5DebugIJA22_cNS0_8LAVectorEA9_cdEEEvDpRKT_,third_party/root_ref/math/minuit2/inc/Minuit2/MnPrint.h,5
_ZN4ROOT7Minuit27MnPrint5DebugIJA22_cdEEEvDpRKT_,third_party/root_ref/math/minuit2/inc/Minuit2/MnPrint.h,16
_ZN4ROOT7Minuit27MnPrint5DebugIJA22_cddEEEvDpRKT_,third_party/root_ref/math/minuit2/inc/Minuit2/MnPrint.h,2
_ZN4ROOT7Minuit27MnPrint5DebugIJA23_cNS0_8LAVectorEEEEvDpRKT_,third_party/root_ref/math/minuit2/inc/Minuit2/MnPrint.h,1
_ZN4ROOT7Minuit27MnPrint5DebugIJA24_cjEEEvDpRKT_,third_party/root_ref/math/minuit2/inc/Minuit2/MnPrint.h,16
_ZN4ROOT7Minuit27MnPrint5DebugIJA27_cA7_cdA14_cdS5_dA13_cjEEEvDpRKT_,third_party/root_ref/math/minuit2/inc/Minuit2/MnPrint.h,81
_ZN4ROOT7Minuit27MnPrint5DebugIJA28_cddA11_cddEEEvDpRKT_,third_party/root_ref/math/minuit2/inc/Minuit2/MnPrint.h,8
_ZN4ROOT7Minuit27MnPrint5DebugIJA31_cNS0_8LAVectorEEEEvDpRKT_,third_party/root_ref/math/minuit2/inc/Minuit2/MnPrint.h,6
_ZN4ROOT7Minuit27MnPrint5DebugIJA32_cA21_cNS0_8LAVectorEA22_cNS0_11LASymMatrixEA8_cdEEEvDpRKT_,third_party/root_ref/math/minuit2/inc/Minuit2/MnPrint.h,1
_ZN4ROOT7Minuit27MnPrint5DebugIJA32_cA21_cNS0_8LAVectorEA22_cS5_A18_cS5_S6_NS0_11LASymMatrixEA8_cdEEEvDpRKT_,third_party/root_ref/math/minuit2/inc/Minuit2/MnPrint.h,15
_ZN4ROOT7Minuit27MnPrint5DebugIJA33_cdA13_cdA8_cdEEEvDpRKT_,third_party/root_ref/math/minuit2/inc/Minuit2/MnPrint.h,4
_ZN4ROOT7Minuit27MnPrint5DebugIJA34_cmA12_cNS0_20MnUserParameterStateEEEEvDpRKT_,third_party/root_ref/math/minuit2/inc/Minuit2/MnPrint.h,28
_ZN4ROOT7Minuit27MnPrint5DebugIJA35_cjEEEvDpRKT_,third_party/root_ref/math/minuit2/inc/Minuit2/MnPrint.h,8
_ZN4ROOT7Minuit27MnPrint5DebugIJA38_cEEEvDpRKT_,third_party/root_ref/math/minuit2/inc/Minuit2/MnPrint.h,40
_ZN4ROOT7Minuit27MnPrint5DebugIJA38_cNS0_8LAVectorEEEEvDpRKT_,third_party/root_ref/math/minuit2/inc/Minuit2/MnPrint.h,29
_ZN4ROOT7Minuit27MnPrint5DebugIJA40_cEEEvDpRKT_,third_party/root_ref/math/minuit2/inc/Minuit2/MnPrint.h,41
_ZN4ROOT7Minuit27MnPrint5DebugIJA40_cdEEEvDpRKT_,third_party/root_ref/math/minuit2/inc/Minuit2/MnPrint.h,8
_ZN4ROOT7Minuit27MnPrint5DebugIJA41_cjA6_cjA7_cjEEEvDpRKT_,third_party/root_ref/math/minuit2/inc/Minuit2/MnPrint.h,8
_ZN4ROOT7Minuit27MnPrint5DebugIJA43_cdA12_cNS0_8LAVectorEEEEvDpRKT_,third_party/root_ref/math/minuit2/inc/Minuit2/MnPrint.h,104
_ZN4ROOT7Minuit27MnPrint5DebugIJA4_cNS0_8LAVectorES3_S4_A8_cdS3_dEEEvDpRKT_,third_party/root_ref/math/minuit2/inc/Minuit2/MnPrint.h,81
_ZN4ROOT7Minuit27MnPrint5DebugIJA51_cdA3_cdEEEvDpRKT_,third_party/root_ref/math/minuit2/inc/Minuit2/MnPrint.h,8
_ZN4ROOT7Minuit27MnPrint5DebugIJA55_cdA3_cdA8_cdS4_dA17_cddEEEvDpRKT_,third_party/root_ref/math/minuit2/inc/Minuit2/MnPrint.h,8
_ZN4ROOT7Minuit27MnPrint5DebugIJA55_cdEEEvDpRKT_,third_party/root_ref/math/minuit2/inc/Minuit2/MnPrint.h,81
_ZN4ROOT7Minuit27MnPrint5DebugIJA58_cdEEEvDpRKT_,third_party/root_ref/math/minuit2/inc/Minuit2/MnPrint.h,11
_ZN4ROOT7Minuit27MnPrint5DebugIJA5_cNS0_8LAVectorEA6_cS4_A9_cdEEEvDpRKT_,third_party/root_ref/math/minuit2/inc/Minuit2/MnPrint.h,7
_ZN4ROOT7Minuit27MnPrint5DebugIJA5_cNS0_8LAVectorEA8_cdEEEvDpRKT_,third_party/root_ref/math/minuit2/inc/Minuit2/MnPrint.h,1
_ZN4ROOT7Minuit27MnPrint5DebugIJA5_cdA7_cdA8_cdEEEvDpRKT_,third_party/root_ref/math/minuit2/inc/Minuit2/MnPrint.h,102
_ZN4ROOT7Minuit27MnPrint5DebugIJA5_cdA8_cdS3_dEEEvDpRKT_,third_party/root_ref/math/minuit2/inc/Minuit2/MnPrint.h,12
_ZN4ROOT7Minuit27MnPrint5DebugIJA5_cdS3_dA7_cdA4_cdA8_cdA9_cdEEEvDpRKT_,third_party/root_ref/math/minuit2/inc/Minuit2/MnPrint.h,30
_ZN4ROOT7Minuit27MnPrint5DebugIJA64_cddEEEvDpRKT_,third_party/root_ref/math/minuit2/inc/Minuit2/MnPrint.h,1
_ZN4ROOT7Minuit27MnPrint5DebugIJA6_cNS0_8LAVectorEA9_cdEEEvDpRKT_,third_party/root_ref/math/minuit2/inc/Minuit2/MnPrint.h,2
_ZN4ROOT7Minuit27MnPrint5DebugIJA6_cjA4_cjA7_cdS4_dEEEvDpRKT_,third_party/root_ref/math/minuit2/inc/Minuit2/MnPrint.h,30
_ZN4ROOT7Minuit27MnPrint5DebugIJA6_cjA7_cjA5_cjS3_jEEEvDpRKT_,third_party/root_ref/math/minuit2/inc/Minuit2/MnPrint.h,8
_ZN4ROOT7Minuit27MnPrint5DebugIJA8_cdA10_cdEEEvDpRKT_,third_party/root_ref/math/minuit2/inc/Minuit2/MnPrint.h,11
_ZN4ROOT7Minuit27MnPrint5DebugIJA8_cdA5_cdEEEvDpRKT_,third_party/root_ref/math/minuit2/inc/Minuit2/MnPrint.h,12
_ZN4ROOT7Minuit27MnPrint5DebugIJA9_cdA17_cdEEEvDpRKT_,third_party/root_ref/math/minuit2/inc/Minuit2/MnPrint.h,81
_ZN4ROOT7Minuit27MnPrint5DebugIJPKcA13_cEEEvDpRKT_,third_party/root_ref/math/minuit2/inc/Minuit2/MnPrint.h,27
_ZN4ROOT7Minuit27MnPrint5DebugIJjA29_cPKNS0_5MnFcnEEEEvDpRKT_,third_party/root_ref/math/minuit2/inc/Minuit2/MnPrint.h,26
_ZN4ROOT7Minuit27MnPrint5TraceIJA10_cicA13_cdddcS4_dddcS4_dcS4_ddcS4_dddEEEvDpRKT_,third_party/root_ref/math/minuit2/inc/Minuit2/MnPrint.h,102
_ZN4ROOT7Minuit27MnPrint5TraceIJA20_ciA5_cdA6_cdEEEvDpRKT_,third_party/root_ref/math/minuit2/inc/Minuit2/MnPrint.h,105
_ZN4ROOT7Minuit27MnPrint5TraceIJA24_cdEEEvDpRKT_,third_party/root_ref/math/minuit2/inc/Minuit2/MnPrint.h,6
_ZN4ROOT7Minuit27MnPrint5TraceIJA28_ccA13_cdddcS4_dddEEEvDpRKT_,third_party/root_ref/math/minuit2/inc/Minuit2/MnPrint.h,60
_ZN4ROOT7Minuit27MnPrint5TraceIJA33_cEEEvDpRKT_,third_party/root_ref/math/minuit2/inc/Minuit2/MnPrint.h,3
_ZN4ROOT7Minuit27MnPrint5TraceIJA36_cdEEEvDpRKT_,third_party/root_ref/math/minuit2/inc/Minuit2/MnPrint.h,7
_ZN4ROOT7Minuit27MnPrint5TraceIJA3_cdA14_cdddEEEvDpRKT_,third_party/root_ref/math/minuit2/inc/Minuit2/MnPrint.h,45
_ZN4ROOT7Minuit27MnPrint5TraceIJA3_cdA6_cdS4_dEEEvDpRKT_,third_party/root_ref/math/minuit2/inc/Minuit2/MnPrint.h,42
_ZN4ROOT7Minuit27MnPrint5TraceIJA40_cPKcA6_cdA2_cdS7_dS7_S6_dA4_cdA3_cdEEEvDpRKT_,third_party/root_ref/math/minuit2/inc/Minuit2/MnPrint.h,42
_ZN4ROOT7Minuit27MnPrint5TraceIJA6_cdA3_cdA9_cdA5_cdEEEvDpRKT_,third_party/root_ref/math/minuit2/inc/Minuit2/MnPrint.h,81
_ZN4ROOT7Minuit27MnPrint5TraceIJA6_cdEEEvDpRKT_,third_party/root_ref/math/minuit2/inc/Minuit2/MnPrint.h,81
_ZN4ROOT7Minuit27MnPrint5TraceIJA9_cdEEEvDpRKT_,third_party/root_ref/math/minuit2/inc/Minuit2/MnPrint.h,84
_ZN4ROOT7Minuit210MnStrategy17SetHessianNCyclesEj,third_party/root_ref/math/minuit2/inc/Minuit2/MnStrategy.h,38
_ZN4ROOT7Minuit210MnStrategy18SetGradientNCyclesEj,third_party/root_ref/math/minuit2/inc/Minuit2/MnStrategy.h,38
_ZN4ROOT7Minuit210MnStrategy20SetGradientToleranceEd,third_party/root_ref/math/minuit2/inc/Minuit2/MnStrategy.h,38
_ZN4ROOT7Minuit210MnStrategy21SetHessianForcePosDefEj,third_party/root_ref/math/minuit2/inc/Minuit2/MnStrategy.h,11
_ZN4ROOT7Minuit210MnStrategy21SetHessianG2ToleranceEd,third_party/root_ref/math/minuit2/inc/Minuit2/MnStrategy.h,38
_ZN4ROOT7Minuit210MnStrategy23SetHessianStepToleranceEd,third_party/root_ref/math/minuit2/inc/Minuit2/MnStrategy.h,38
_ZN4ROOT7Minuit210MnStrategy24SetGradientStepToleranceEd,third_party/root_ref/math/minuit2/inc/Minuit2/MnStrategy.h,38
_ZN4ROOT7Minuit210MnStrategy25SetHessianGradientNCyclesEj,third_party/root_ref/math/minuit2/inc/Minuit2/MnStrategy.h,38
_ZN4ROOT7Minuit210MnStrategy35SetHessianCentralFDMixedDerivativesEj,third_party/root_ref/math/minuit2/inc/Minuit2/MnStrategy.h,38
_ZNK4ROOT7Minuit210MnStrategy14HessianNCyclesEv,third_party/root_ref/math/minuit2/inc/Minuit2/MnStrategy.h,30
_ZNK4ROOT7Minuit210MnStrategy15GradientNCyclesEv,third_party/root_ref/math/minuit2/inc/Minuit2/MnStrategy.h,104
_ZNK4ROOT7Minuit210MnStrategy17GradientToleranceEv,third_party/root_ref/math/minuit2/inc/Minuit2/MnStrategy.h,232
_ZNK4ROOT7Minuit210MnStrategy18HessianForcePosDefEv,third_party/root_ref/math/minuit2/inc/Minuit2/MnStrategy.h,15
_ZNK4ROOT7Minuit210MnStrategy18HessianG2ToleranceEv,third_party/root_ref/math/minuit2/inc/Minuit2/MnStrategy.h,30
_ZNK4ROOT7Minuit210MnStrategy20HessianStepToleranceEv,third_party/root_ref/math/minuit2/inc/Minuit2/MnStrategy.h,30
_ZNK4ROOT7Minuit210MnStrategy21GradientStepToleranceEv,third_party/root_ref/math/minuit2/inc/Minuit2/MnStrategy.h,352
_ZNK4ROOT7Minuit210MnStrategy22HessianGradientNCyclesEv,third_party/root_ref/math/minuit2/inc/Minuit2/MnStrategy.h,30
_ZNK4ROOT7Minuit210MnStrategy32HessianCentralFDMixedDerivativesEv,third_party/root_ref/math/minuit2/inc/Minuit2/MnStrategy.h,15
_ZNK4ROOT7Minuit210MnStrategy8StrategyEv,third_party/root_ref/math/minuit2/inc/Minuit2/MnStrategy.h,113
_ZN4ROOT7Minuit216MnUserCovariance5ScaleEd,third_party/root_ref/math/minuit2/inc/Minuit2/MnUserCovariance.h,31
_ZN4ROOT7Minuit216MnUserCovarianceC2ENSt6__ROOT4spanIKdEEj,third_party/root_ref/math/minuit2/inc/Minuit2/MnUserCovariance.h,55
_ZN4ROOT7Minuit216MnUserCovarianceC2Ej,third_party/root_ref/math/minuit2/inc/Minuit2/MnUserCovariance.h,31
_ZN4ROOT7Minuit216MnUserCovarianceC2Ev,third_party/root_ref/math/minuit2/inc/Minuit2/MnUserCovariance.h,326
_ZN4ROOT7Minuit216MnUserCovarianceclEjj,third_party/root_ref/math/minuit2/inc/Minuit2/MnUserCovariance.h,61
_ZN4ROOT7Minuit220MnUserParameterStateC2Ev,third_party/root_ref/math/minuit2/inc/Minuit2/MnUserParameterState.h,87
_ZNK4ROOT7Minuit220MnUserParameterState10ParametersEv,third_party/root_ref/math/minuit2/inc/Minuit2/MnUserParameterState.h,45
_ZNK4ROOT7Minuit220MnUserParameterState13IntCovarianceEv,third_party/root_ref/math/minuit2/inc/Minuit2/MnUserParameterState.h,32
_ZNK4ROOT7Minuit220MnUserParameterState13IntParametersEv,third_party/root_ref/math/minuit2/inc/Minuit2/MnUserParameterState.h,38
_ZNK4ROOT7Minuit220MnUserParameterState4FvalEv,third_party/root_ref/math/minuit2/inc/Minuit2/MnUserParameterState.h,12
_ZNK4ROOT7Minuit220MnUserParameterState5TrafoEv,third_party/root_ref/math/minuit2/inc/Minuit2/MnUserParameterState.h,128
_ZNK4ROOT7Minuit216MnUserParameters5TrafoEv,third_party/root_ref/math/minuit2/inc/Minuit2/MnUserParameters.h,417
_ZNK4ROOT7Minuit220MnUserTransformation10ParametersEv,third_party/root_ref/math/minuit2/inc/Minuit2/MnUserTransformation.h,94
_ZNK4ROOT7Minuit220MnUserTransformation16InitialParValuesEv,third_party/root_ref/math/minuit2/inc/Minuit2/MnUserTransformation.h,488
_ZNK4ROOT7Minuit220MnUserTransformation18VariableParametersEv,third_party/root_ref/math/minuit2/inc/Minuit2/MnUserTransformation.h,185
_ZNK4ROOT7Minuit220MnUserTransformation8ExtOfIntEj,third_party/root_ref/math/minuit2/inc/Minuit2/MnUserTransformation.h,1686
_ZNK4ROOT7Minuit220MnUserTransformation9PrecisionEv,third_party/root_ref/math/minuit2/inc/Minuit2/MnUserTransformation.h,553
_ZN4ROOT7Minuit229Numerical2PGradientCalculatorC2ERKNS0_5MnFcnERKNS0_20MnUserTransformationERKNS0_10MnStrategyE,third_party/root_ref/math/minuit2/inc/Minuit2/Numerical2PGradientCalculator.h,29
_ZN4ROOT7Minuit217SimplexParametersC2ENSt6__ROOT4spanIKNSt3__14pairIdNS0_8LAVectorEEEEEjj,third_party/root_ref/math/minuit2/inc/Minuit2/SimplexParameters.h,1
_ZNK4ROOT7Minuit217SimplexParameters2JhEv,third_party/root_ref/math/minuit2/inc/Minuit2/SimplexParameters.h,52
_ZNK4ROOT7Minuit217SimplexParameters2JlEv,third_party/root_ref/math/minuit2/inc/Minuit2/SimplexParameters.h,49
_ZNK4ROOT7Minuit217SimplexParameters3EdmEv,third_party/root_ref/math/minuit2/inc/Minuit2/SimplexParameters.h,33
_ZNK4ROOT7Minuit217SimplexParametersclEj,third_party/root_ref/math/minuit2/inc/Minuit2/SimplexParameters.h,76
_ZNK4ROOT7Minuit221VariableMetricBuilder12ErrorUpdatorEv,third_party/root_ref/math/minuit2/inc/Minuit2/VariableMetricBuilder.h,81
_ZNK4ROOT7Minuit221VariableMetricBuilder9EstimatorEv,third_party/root_ref/math/minuit2/inc/Minuit2/VariableMetricBuilder.h,81
_ZNKSt6__ROOT4spanIKN4ROOT7Minuit212MinimumStateEE3endEv,third_party/root_ref/math/minuit2/inc/ROOT/span.hxx,87
_ZNKSt6__ROOT4spanIKN4ROOT7Minuit212MinimumStateEE5beginEv,third_party/root_ref/math/minuit2/inc/ROOT/span.hxx,87
_ZNKSt6__ROOT4spanIKNSt3__14pairIdN4ROOT7Minuit28LAVectorEEEE3endEv,third_party/root_ref/math/minuit2/inc/ROOT/span.hxx,1
_ZNKSt6__ROOT4spanIKNSt3__14pairIdN4ROOT7Minuit28LAVectorEEEE5beginEv,third_party/root_ref/math/minuit2/inc/ROOT/span.hxx,1
_ZNKSt6__ROOT4spanIKNSt3__14pairIddEEE3endEv,third_party/root_ref/math/minuit2/inc/ROOT/span.hxx,1
_ZNKSt6__ROOT4spanIKNSt3__14pairIddEEE5beginEv,third_party/root_ref/math/minuit2/inc/ROOT/span.hxx,1
_ZNKSt6__ROOT4spanIKdE3endEv,third_party/root_ref/math/minuit2/inc/ROOT/span.hxx,55
_ZNKSt6__ROOT4spanIKdE4dataEv,third_party/root_ref/math/minuit2/inc/ROOT/span.hxx,6574
_ZNKSt6__ROOT4spanIKdE4sizeEv,third_party/root_ref/math/minuit2/inc/ROOT/span.hxx,13203
_ZNKSt6__ROOT4spanIKdE5beginEv,third_party/root_ref/math/minuit2/inc/ROOT/span.hxx,55
_ZNKSt6__ROOT4spanIKdEixEm,third_party/root_ref/math/minuit2/inc/ROOT/span.hxx,128
_ZNKSt6__ROOT4spanIKjE4sizeEv,third_party/root_ref/math/minuit2/inc/ROOT/span.hxx,56
_ZNKSt6__ROOT4spanIKjEixEm,third_party/root_ref/math/minuit2/inc/ROOT/span.hxx,100
_ZNSt6__ROOT4spanIKN4ROOT7Minuit212MinimumStateEEC2EPS4_m,third_party/root_ref/math/minuit2/inc/ROOT/span.hxx,1
_ZNSt6__ROOT4spanIKN4ROOT7Minuit212MinimumStateEEC2ERKNSt3__16vectorIS3_NS6_9allocatorIS3_EEEE,third_party/root_ref/math/minuit2/inc/ROOT/span.hxx,59
_ZNSt6__ROOT4spanIKN4ROOT7Minuit212MinimumStateEEC2ERNSt3__16vectorIS3_NS6_9allocatorIS3_EEEE,third_party/root_ref/math/minuit2/inc/ROOT/span.hxx,27
_ZNSt6__ROOT4spanIKNSt3__14pairIdN4ROOT7Minuit28LAVectorEEEEC2ERNS1_6vectorIS6_NS1_9allocatorIS6_EEEE,third_party/root_ref/math/minuit2/inc/ROOT/span.hxx,1
_ZNSt6__ROOT4spanIKNSt3__14pairIddEEEC2ERNS1_6vectorIS3_NS1_9allocatorIS3_EEEE,third_party/root_ref/math/minuit2/inc/ROOT/span.hxx,1
_ZNSt6__ROOT4spanIKdEC2EPS1_m,third_party/root_ref/math/minuit2/inc/ROOT/span.hxx,6627
_ZNSt6__ROOT4spanIKdEC2ERKNSt3__16vectorIdNS3_9allocatorIdEEEE,third_party/root_ref/math/minuit2/inc/ROOT/span.hxx,2
_ZNSt6__ROOT4spanIKdEC2ERNSt3__16vectorIdNS3_9allocatorIdEEEE,third_party/root_ref/math/minuit2/inc/ROOT/span.hxx,32
_ZNSt6__ROOT4spanIKjEC2ERNSt3__16vectorIjNS3_9allocatorIjEEEE,third_party/root_ref/math/minuit2/inc/ROOT/span.hxx,16
_ZNK4ROOT7Minuit228AnalyticalGradientCalculator12CanComputeG2Ev,third_party/root_ref/math/minuit2/src/AnalyticalGradientCalculator.cxx,9
_ZNK4ROOT7Minuit228AnalyticalGradientCalculator17CanComputeHessianEv,third_party/root_ref/math/minuit2/src/AnalyticalGradientCalculator.cxx,4
_ZNK4ROOT7Minuit228AnalyticalGradientCalculator7HessianERKNS0_17MinimumParametersERNS0_11LASymMatrixE,third_party/root_ref/math/minuit2/src/AnalyticalGradientCalculator.cxx,2
_ZNK4ROOT7Minuit228AnalyticalGradientCalculatorclERKNS0_17MinimumParametersE,third_party/root_ref/math/minuit2/src/AnalyticalGradientCalculator.cxx,6
_ZNK4ROOT7Minuit228AnalyticalGradientCalculatorclERKNS0_17MinimumParametersERKNS0_16FunctionGradientE,third_party/root_ref/math/minuit2/src/AnalyticalGradientCalculator.cxx,5
_ZNK4ROOT7Minuit222CombinedMinimumBuilder7MinimumERKNS0_5MnFcnERKNS0_18GradientCalculatorERKNS0_11MinimumSeedERKNS0_10MnStrategyEjd,third_party/root_ref/math/minuit2/src/CombinedMinimumBuilder.cxx,1
_ZNK4ROOT7Minuit219DavidonErrorUpdator6UpdateERKNS0_12MinimumStateERKNS0_17MinimumParametersERKNS0_16FunctionGradientE,third_party/root_ref/math/minuit2/src/DavidonErrorUpdator.cxx,81
_ZNK4ROOT7Minuit225HessianGradientCalculator13DeltaGradientERKNS0_17MinimumParametersERKNS0_16FunctionGradientE,third_party/root_ref/math/minuit2/src/HessianGradientCalculator.cxx,15
_ZNK4ROOT7Minuit225HessianGradientCalculator6NcycleEv,third_party/root_ref/math/minuit2/src/HessianGradientCalculator.cxx,30
_ZNK4ROOT7Minuit225HessianGradientCalculator9PrecisionEv,third_party/root_ref/math/minuit2/src/HessianGradientCalculator.cxx,165
_ZNK4ROOT7Minuit225HessianGradientCalculatorclERKNS0_17MinimumParametersERKNS0_16FunctionGradientE,third_party/root_ref/math/minuit2/src/HessianGradientCalculator.cxx,15
_ZNK4ROOT7Minuit225InitialGradientCalculator9PrecisionEv,third_party/root_ref/math/minuit2/src/InitialGradientCalculator.cxx,84
_ZNK4ROOT7Minuit225InitialGradientCalculatorclERKNS0_17MinimumParametersE,third_party/root_ref/math/minuit2/src/InitialGradientCalculator.cxx,29
_ZN4ROOT7Minuit210MPIProcess10SyncVectorERNS0_8LAVectorE,third_party/root_ref/math/minuit2/src/MPIProcess.cxx,357
_ZN4ROOT7Minuit210MPIProcess24SyncSymMatrixOffDiagonalERNS0_11LASymMatrixE,third_party/root_ref/math/minuit2/src/MPIProcess.cxx,15
_ZN4ROOT7Minuit210MPIProcessC2Ejj,third_party/root_ref/math/minuit2/src/MPIProcess.cxx,134
_ZN4ROOT7Minuit210MPIProcessD2Ev,third_party/root_ref/math/minuit2/src/MPIProcess.cxx,134
_ZNK4ROOT7Minuit210MPIProcess15EndElementIndexEv,third_party/root_ref/math/minuit2/src/MPIProcess.h,134
_ZNK4ROOT7Minuit210MPIProcess15NumElements4JobEj,third_party/root_ref/math/minuit2/src/MPIProcess.h,402
_ZNK4ROOT7Minuit210MPIProcess17NumElements4JobInEv,third_party/root_ref/math/minuit2/src/MPIProcess.h,402
_ZNK4ROOT7Minuit210MPIProcess17StartElementIndexEv,third_party/root_ref/math/minuit2/src/MPIProcess.h,268
_ZNK4ROOT7Minuit210MPIProcess18NumElements4JobOutEv,third_party/root_ref/math/minuit2/src/MPIProcess.h,670
_ZN4ROOT7Minuit214MinimumBuilderC2Ev,third_party/root_ref/math/minuit2/src/MinimumBuilder.cxx,33
_ZN4ROOT7Minuit213MnApplication3FixEj,third_party/root_ref/math/minuit2/src/MnApplication.cxx,4
_ZN4ROOT7Minuit213MnApplication8SetValueEjd,third_party/root_ref/math/minuit2/src/MnApplication.cxx,80
_ZN4ROOT7Minuit213MnApplicationC2ERKNS0_7FCNBaseERKNS0_20MnUserParameterStateERKNS0_10MnStrategyEj,third_party/root_ref/math/minuit2/src/MnApplication.cxx,31
_ZN4ROOT7Minuit213MnApplicationclEjd,third_party/root_ref/math/minuit2/src/MnApplication.cxx,60
_ZNK4ROOT7Minuit213MnApplication18VariableParametersEv,third_party/root_ref/math/minuit2/src/MnApplication.cxx,60
_ZNK4ROOT7Minuit210MnContours7ContourEjjj,third_party/root_ref/math/minuit2/src/MnContours.cxx,1
_ZNK4ROOT7Minuit210MnContoursclEjjj,third_party/root_ref/math/minuit2/src/MnContours.cxx,1
_ZNK4ROOT7Minuit219MnCovarianceSqueezeclERKNS0_11LASymMatrixEj,third_party/root_ref/math/minuit2/src/MnCovarianceSqueeze.cxx,24
_ZNK4ROOT7Minuit219MnCovarianceSqueezeclERKNS0_16MnUserCovarianceEj,third_party/root_ref/math/minuit2/src/MnCovarianceSqueeze.cxx,24
_ZN4ROOT7Minuit211MnFcnCallerC2ERKNS0_5MnFcnE,third_party/root_ref/math/minuit2/src/MnFcn.cxx,244
_ZN4ROOT7Minuit211MnFcnCallerclERKNS0_8LAVectorE,third_party/root_ref/math/minuit2/src/MnFcn.cxx,846
_ZNK4ROOT7Minuit25MnFcn25CallWithTransformedParamsERKNSt3__16vectorIdNS2_9allocatorIdEEEE,third_party/root_ref/math/minuit2/src/MnFcn.cxx,846
_ZNK4ROOT7Minuit215MnFunctionCrossclENSt6__ROOT4spanIKjEENS3_IKdEES7_dj,third_party/root_ref/math/minuit2/src/MnFunctionCross.cxx,16
_ZN4ROOT7Minuit224MnGlobalCorrelationCoeffC2ERKNS0_11LASymMatrixE,third_party/root_ref/math/minuit2/src/MnGlobalCorrelationCoeff.cxx,31
MnHesse.cxx:_ZN4ROOT7Minuit212_GLOBAL__N_116ComputeNumericalERKNS0_5MnFcnERKNS0_12MinimumStateERKNS0_20MnUserTransformationEjRKNS0_10MnStrategyE,third_party/root_ref/math/minuit2/src/MnHesse.cxx,15
MnHesse.cxx:_ZN4ROOT7Minuit212_GLOBAL__N_117ComputeAnalyticalERKNS0_7FCNBaseERKNS0_12MinimumStateERKNS0_20MnUserTransformationE,third_party/root_ref/math/minuit2/src/MnHesse.cxx,1
MnHesse.cxx:_ZZN4ROOT7Minuit212_GLOBAL__N_116ComputeNumericalERKNS0_5MnFcnERKNS0_12MinimumStateERKNS0_20MnUserTransformationEjRKNS0_10MnStrategyEENK3$_0clERKNSt3__112basic_stringIcNSF_11char_traitsIcEENSF_9allocatorIcEEEE,third_party/root_ref/math/minuit2/src/MnHesse.cxx,15
MnHesse.cxx:_ZZN4ROOT7Minuit212_GLOBAL__N_117ComputeAnalyticalERKNS0_7FCNBaseERKNS0_12MinimumStateERKNS0_20MnUserTransformationEENK3$_0clERKNSt3__112basic_stringIcNSC_11char_traitsIcEENSC_9allocatorIcEEEE,third_party/root_ref/math/minuit2/src/MnHesse.cxx,1
_ZNK4ROOT7Minuit27MnHesseclERKNS0_5MnFcnERKNS0_12MinimumStateERKNS0_20MnUserTransformationEj,third_party/root_ref/math/minuit2/src/MnHesse.cxx,16
_ZNK4ROOT7Minuit27MnHesseclERKNS0_7FCNBaseERNS0_15FunctionMinimumEj,third_party/root_ref/math/minuit2/src/MnHesse.cxx,4
_ZNK4ROOT7Minuit212MnLineSearchclERKNS0_5MnFcnERKNS0_17MinimumParametersERKNS0_8LAVectorEdRKNS0_18MnMachinePrecisionE,third_party/root_ref/math/minuit2/src/MnLineSearch.cxx,81
_ZN4ROOT7Minuit218MnMachinePrecisionC2Ev,third_party/root_ref/math/minuit2/src/MnMachinePrecision.cxx,191
MnMatrix.cxx:_ZN12_GLOBAL__N_16mnvertERN4ROOT7Minuit211LASymMatrixE,third_party/root_ref/math/minuit2/src/MnMatrix.cxx,55
_ZN4ROOT7Minuit210Outer_prodERNS0_11LASymMatrixERKNS0_8LAVectorEd,third_party/root_ref/math/minuit2/src/MnMatrix.cxx,202
_ZN4ROOT7Minuit210similarityERKNS0_8LAVectorERKNS0_11LASymMatrixE,third_party/root_ref/math/minuit2/src/MnMatrix.cxx,174
_ZN4ROOT7Minuit211LASymMatrixaSERKNS0_5ABObjINS0_3symENS0_18VectorOuterProductINS2_INS0_3vecENS0_8LAVectorEdEEdEEdEE,third_party/root_ref/math/minuit2/src/MnMatrix.cxx,81
_ZN4ROOT7Minuit211eigenvaluesERKNS0_11LASymMatrixE,third_party/root_ref/math/minuit2/src/MnMatrix.cxx,16
_ZN4ROOT7Minuit213inner_productERKNS0_8LAVectorES3_,third_party/root_ref/math/minuit2/src/MnMatrix.cxx,243
_ZN4ROOT7Minuit215sum_of_elementsEPKdj,third_party/root_ref/math/minuit2/src/MnMatrix.cxx,162
_ZN4ROOT7Minuit215sum_of_elementsERKNS0_11LASymMatrixE,third_party/root_ref/math/minuit2/src/MnMatrix.cxx,162
_ZN4ROOT7Minuit26InvertERNS0_11LASymMatrixE,third_party/root_ref/math/minuit2/src/MnMatrix.cxx,95
_ZN4ROOT7Minuit26mndsprEjdPKdPd,third_party/root_ref/math/minuit2/src/MnMatrix.cxx,202
_ZN4ROOT7Minuit27MndaxpyEjdPKdPd,third_party/root_ref/math/minuit2/src/MnMatrix.cxx,581
_ZN4ROOT7Minuit27MndscalEjdPd,third_party/root_ref/math/minuit2/src/MnMatrix.cxx,1140
_ZN4ROOT7Minuit27MndspmvEjdPKdS2_dPd,third_party/root_ref/math/minuit2/src/MnMatrix.cxx,336
_ZN4ROOT7Minuit27mneigenEPdjjjS1_,third_party/root_ref/math/minuit2/src/MnMatrix.cxx,16
_ZN4ROOT7Minuit27MnMinosC2ERKNS0_7FCNBaseERKNS0_15FunctionMinimumERKNS0_10MnStrategyE,third_party/root_ref/math/minuit2/src/MnMinos.cxx,1
_ZN4ROOT7Minuit27MnMinosC2ERKNS0_7FCNBaseERKNS0_15FunctionMinimumEj,third_party/root_ref/math/minuit2/src/MnMinos.cxx,2
_ZNK4ROOT7Minuit27MnMinos14FindCrossValueEijjd,third_party/root_ref/math/minuit2/src/MnMinos.cxx,8
_ZNK4ROOT7Minuit27MnMinos5LovalEjjd,third_party/root_ref/math/minuit2/src/MnMinos.cxx,4
_ZNK4ROOT7Minuit27MnMinos5MinosEjjd,third_party/root_ref/math/minuit2/src/MnMinos.cxx,4
_ZNK4ROOT7Minuit27MnMinos5UpvalEjjd,third_party/root_ref/math/minuit2/src/MnMinos.cxx,4
_ZNK4ROOT7Minuit217MnParabolaFactoryclERKNS0_15MnParabolaPointES4_S4_,third_party/root_ref/math/minuit2/src/MnParabolaFactory.cxx,118
_ZN4ROOT7Minuit215MnParameterScanC2ERKNS0_7FCNBaseERKNS0_16MnUserParametersE,third_party/root_ref/math/minuit2/src/MnParameterScan.cxx,1
_ZN4ROOT7Minuit215MnParameterScanclEjjdd,third_party/root_ref/math/minuit2/src/MnParameterScan.cxx,1
_ZNK4ROOT7Minuit28MnPosDefclERKNS0_12MinimumErrorERKNS0_18MnMachinePrecisionE,third_party/root_ref/math/minuit2/src/MnPosDef.cxx,16
_ZN4ROOT7Minuit211PrefixStackIPKcE3PopEv,third_party/root_ref/math/minuit2/src/MnPrint.cxx,858
_ZN4ROOT7Minuit211PrefixStackIPKcE4PushES3_,third_party/root_ref/math/minuit2/src/MnPrint.cxx,858
_ZN4ROOT7Minuit27MnPrint11GlobalLevelEv,third_party/root_ref/math/minuit2/src/MnPrint.cxx,717
_ZN4ROOT7Minuit27MnPrint7OnelineC1ERKNS0_12MinimumStateEi,third_party/root_ref/math/minuit2/src/MnPrint.cxx,190
_ZN4ROOT7Minuit27MnPrint7OnelineC1ERKNS0_15FunctionMinimumEi,third_party/root_ref/math/minuit2/src/MnPrint.cxx,44
_ZN4ROOT7Minuit27MnPrint7OnelineC2Eddii,third_party/root_ref/math/minuit2/src/MnPrint.cxx,197
_ZN4ROOT7Minuit27MnPrintC2EPKci,third_party/root_ref/math/minuit2/src/MnPrint.cxx,858
_ZN4ROOT7Minuit27MnPrintD2Ev,third_party/root_ref/math/minuit2/src/MnPrint.cxx,858
_ZNK4ROOT7Minuit27MnPrint5LevelEv,third_party/root_ref/math/minuit2/src/MnPrint.cxx,3053
_ZN4ROOT7Minuit26MnScan4ScanEjjdd,third_party/root_ref/math/minuit2/src/MnScan.cxx,1
MnSeedGenerator.cxx:_ZZNK4ROOT7Minuit215MnSeedGeneratorclERKNS0_5MnFcnERKNS0_18GradientCalculatorERKNS0_20MnUserParameterStateERKNS0_10MnStrategyEENK3$_0clERKNSt3__112basic_stringIcNSF_11char_traitsIcEENSF_9allocatorIcEEEE,third_party/root_ref/math/minuit2/src/MnSeedGenerator.cxx,26
_ZNK4ROOT7Minuit215MnSeedGenerator36CallWithAnalyticalGradientCalculatorERKNS0_5MnFcnERKNS0_28AnalyticalGradientCalculatorERKNS0_20MnUserParameterStateERKNS0_10MnStrategyE,third_party/root_ref/math/minuit2/src/MnSeedGenerator.cxx,3
_ZNK4ROOT7Minuit215MnSeedGeneratorclERKNS0_5MnFcnERKNS0_18GradientCalculatorERKNS0_20MnUserParameterStateERKNS0_10MnStrategyE,third_party/root_ref/math/minuit2/src/MnSeedGenerator.cxx,29
_ZN4ROOT7Minuit210MnStrategy14SetLowStrategyEv,third_party/root_ref/math/minuit2/src/MnStrategy.cxx,18
_ZN4ROOT7Minuit210MnStrategy15SetHighStrategyEv,third_party/root_ref/math/minuit2/src/MnStrategy.cxx,1
_ZN4ROOT7Minuit210MnStrategy17SetMediumStrategyEv,third_party/root_ref/math/minuit2/src/MnStrategy.cxx,19
_ZN4ROOT7Minuit210MnStrategyC2Ej,third_party/root_ref/math/minuit2/src/MnStrategy.cxx,37
_ZN4ROOT7Minuit210MnStrategyC2Ev,third_party/root_ref/math/minuit2/src/MnStrategy.cxx,1
_ZN4ROOT7Minuit220MnUserParameterState13SetLowerLimitERKNSt3__112basic_stringIcNS2_11char_traitsIcEENS2_9allocatorIcEEEEd,third_party/root_ref/math/minuit2/src/MnUserParameterState.cxx,2
_ZN4ROOT7Minuit220MnUserParameterState13SetLowerLimitEjd,third_party/root_ref/math/minuit2/src/MnUserParameterState.cxx,2
_ZN4ROOT7Minuit220MnUserParameterState3AddERKNSt3__112basic_stringIcNS2_11char_traitsIcEENS2_9allocatorIcEEEEdd,third_party/root_ref/math/minuit2/src/MnUserParameterState.cxx,131
_ZN4ROOT7Minuit220MnUserParameterState3FixERKNSt3__112basic_stringIcNS2_11char_traitsIcEENS2_9allocatorIcEEEE,third_party/root_ref/math/minuit2/src/MnUserParameterState.cxx,83
_ZN4ROOT7Minuit220MnUserParameterState3FixEj,third_party/root_ref/math/minuit2/src/MnUserParameterState.cxx,97
_ZN4ROOT7Minuit220MnUserParameterState8SetValueEjd,third_party/root_ref/math/minuit2/src/MnUserParameterState.cxx,96
_ZN4ROOT7Minuit220MnUserParameterStateC2ERKNS0_12MinimumStateEdRKNS0_20MnUserTransformationE,third_party/root_ref/math/minuit2/src/MnUserParameterState.cxx,64
_ZN4ROOT7Minuit220MnUserParameterStateC2ERKNS0_16MnUserParametersE,third_party/root_ref/math/minuit2/src/MnUserParameterState.cxx,12
_ZNK4ROOT7Minuit220MnUserParameterState16MinuitParametersEv,third_party/root_ref/math/minuit2/src/MnUserParameterState.cxx,12
_ZNK4ROOT7Minuit220MnUserParameterState18VariableParametersEv,third_party/root_ref/math/minuit2/src/MnUserParameterState.cxx,156
_ZNK4ROOT7Minuit220MnUserParameterState4NameEj,third_party/root_ref/math/minuit2/src/MnUserParameterState.cxx,16
_ZNK4ROOT7Minuit220MnUserParameterState5ErrorEj,third_party/root_ref/math/minuit2/src/MnUserParameterState.cxx,16
_ZNK4ROOT7Minuit220MnUserParameterState5IndexERKNSt3__112basic_stringIcNS2_11char_traitsIcEENS2_9allocatorIcEEEE,third_party/root_ref/math/minuit2/src/MnUserParameterState.cxx,85
_ZNK4ROOT7Minuit220MnUserParameterState5ValueEj,third_party/root_ref/math/minuit2/src/MnUserParameterState.cxx,42
_ZNK4ROOT7Minuit220MnUserParameterState6ErrorsEv,third_party/root_ref/math/minuit2/src/MnUserParameterState.cxx,12
_ZNK4ROOT7Minuit220MnUserParameterState6ParamsEv,third_party/root_ref/math/minuit2/src/MnUserParameterState.cxx,44
_ZNK4ROOT7Minuit220MnUserParameterState7Ext2intEjd,third_party/root_ref/math/minuit2/src/MnUserParameterState.cxx,4
_ZNK4ROOT7Minuit220MnUserParameterState7Int2extEjd,third_party/root_ref/math/minuit2/src/MnUserParameterState.cxx,8
_ZNK4ROOT7Minuit220MnUserParameterState8ExtOfIntEj,third_party/root_ref/math/minuit2/src/MnUserParameterState.cxx,8
_ZNK4ROOT7Minuit220MnUserParameterState8IntOfExtEj,third_party/root_ref/math/minuit2/src/MnUserParameterState.cxx,113
_ZNK4ROOT7Minuit220MnUserParameterState9ParameterEj,third_party/root_ref/math/minuit2/src/MnUserParameterState.cxx,380
_ZNK4ROOT7Minuit220MnUserParameterState9PrecisionEv,third_party/root_ref/math/minuit2/src/MnUserParameterState.cxx,44
_ZN4ROOT7Minuit216MnUserParameters13SetLowerLimitEjd,third_party/root_ref/math/minuit2/src/MnUserParameters.cxx,4
_ZN4ROOT7Minuit216MnUserParameters3AddERKNSt3__112basic_stringIcNS2_11char_traitsIcEENS2_9allocatorIcEEEEdd,third_party/root_ref/math/minuit2/src/MnUserParameters.cxx,157
_ZN4ROOT7Minuit216MnUserParameters3FixEj,third_party/root_ref/math/minuit2/src/MnUserParameters.cxx,99
_ZN4ROOT7Minuit216MnUserParameters8SetValueEjd,third_party/root_ref/math/minuit2/src/MnUserParameters.cxx,96
_ZNK4ROOT7Minuit216MnUserParameters10ParametersEv,third_party/root_ref/math/minuit2/src/MnUserParameters.cxx,12
_ZNK4ROOT7Minuit216MnUserParameters4NameEj,third_party/root_ref/math/minuit2/src/MnUserParameters.cxx,16
_ZNK4ROOT7Minuit216MnUserParameters5ErrorEj,third_party/root_ref/math/minuit2/src/MnUserParameters.cxx,18
_ZNK4ROOT7Minuit216MnUserParameters5IndexERKNSt3__112basic_stringIcNS2_11char_traitsIcEENS2_9allocatorIcEEEE,third_party/root_ref/math/minuit2/src/MnUserParameters.cxx,85
_ZNK4ROOT7Minuit216MnUserParameters5ValueEj,third_party/root_ref/math/minuit2/src/MnUserParameters.cxx,42
_ZNK4ROOT7Minuit216MnUserParameters6ErrorsEv,third_party/root_ref/math/minuit2/src/MnUserParameters.cxx,12
_ZNK4ROOT7Minuit216MnUserParameters6ParamsEv,third_party/root_ref/math/minuit2/src/MnUserParameters.cxx,46
_ZNK4ROOT7Minuit216MnUserParameters9ParameterEj,third_party/root_ref/math/minuit2/src/MnUserParameters.cxx,381
_ZNK4ROOT7Minuit216MnUserParameters9PrecisionEv,third_party/root_ref/math/minuit2/src/MnUserParameters.cxx,44
_ZN4ROOT7Minuit220MnUserTransformation13SetLowerLimitEjd,third_party/root_ref/math/minuit2/src/MnUserTransformation.cxx,4
_ZN4ROOT7Minuit220MnUserTransformation3AddERKNSt3__112basic_stringIcNS2_11char_traitsIcEENS2_9allocatorIcEEEEdd,third_party/root_ref/math/minuit2/src/MnUserTransformation.cxx,157
_ZN4ROOT7Minuit220MnUserTransformation3FixEj,third_party/root_ref/math/minuit2/src/MnUserTransformation.cxx,99
_ZN4ROOT7Minuit220MnUserTransformation8SetValueEjd,third_party/root_ref/math/minuit2/src/MnUserTransformation.cxx,96
_ZN4ROOT7Minuit28MnParStrC2ERKNSt3__112basic_stringIcNS2_11char_traitsIcEENS2_9allocatorIcEEEE,third_party/root_ref/math/minuit2/src/MnUserTransformation.cxx,242
_ZNK4ROOT7Minuit220MnUserTransformation12Int2extErrorEjdd,third_party/root_ref/math/minuit2/src/MnUserTransformation.cxx,2
_ZNK4ROOT7Minuit220MnUserTransformation17Int2extCovarianceERKNS0_8LAVectorERKNS0_11LASymMatrixE,third_party/root_ref/math/minuit2/src/MnUserTransformation.cxx,31
_ZNK4ROOT7Minuit220MnUserTransformation4NameEj,third_party/root_ref/math/minuit2/src/MnUserTransformation.cxx,58
_ZNK4ROOT7Minuit220MnUserTransformation5ErrorEj,third_party/root_ref/math/minuit2/src/MnUserTransformation.cxx,18
_ZNK4ROOT7Minuit220MnUserTransformation5IndexERKNSt3__112basic_stringIcNS2_11char_traitsIcEENS2_9allocatorIcEEEE,third_party/root_ref/math/minuit2/src/MnUserTransformation.cxx,85
_ZNK4ROOT7Minuit220MnUserTransformation5ValueEj,third_party/root_ref/math/minuit2/src/MnUserTransformation.cxx,42
_ZNK4ROOT7Minuit220MnUserTransformation6ErrorsEv,third_party/root_ref/math/minuit2/src/MnUserTransformation.cxx,12
_ZNK4ROOT7Minuit220MnUserTransformation6ParamsEv,third_party/root_ref/math/minuit2/src/MnUserTransformation.cxx,46
_ZNK4ROOT7Minuit220MnUserTransformation7Ext2intEjd,third_party/root_ref/math/minuit2/src/MnUserTransformation.cxx,88
_ZNK4ROOT7Minuit220MnUserTransformation7GetNameEj,third_party/root_ref/math/minuit2/src/MnUserTransformation.cxx,58
_ZNK4ROOT7Minuit220MnUserTransformation7Int2extEjd,third_party/root_ref/math/minuit2/src/MnUserTransformation.cxx,1320
_ZNK4ROOT7Minuit220MnUserTransformation8DInt2ExtEjd,third_party/root_ref/math/minuit2/src/MnUserTransformation.cxx,27
_ZNK4ROOT7Minuit220MnUserTransformation8IntOfExtEj,third_party/root_ref/math/minuit2/src/MnUserTransformation.cxx,161
_ZNK4ROOT7Minuit220MnUserTransformation9ParameterEj,third_party/root_ref/math/minuit2/src/MnUserTransformation.cxx,937
_ZNK4ROOT7Minuit220MnUserTransformationclERKNS0_8LAVectorE,third_party/root_ref/math/minuit2/src/MnUserTransformation.cxx,8
_ZNK4ROOT7Minuit28MnParStrclERKNS0_15MinuitParameterE,third_party/root_ref/math/minuit2/src/MnUserTransformation.cxx,210
_ZNK4ROOT7Minuit224ModularFunctionMinimizer8MinimizeERKNS0_5MnFcnERKNS0_18GradientCalculatorERKNS0_11MinimumSeedERKNS0_10MnStrategyEjd,third_party/root_ref/math/minuit2/src/ModularFunctionMinimizer.cxx,28
_ZNK4ROOT7Minuit224ModularFunctionMinimizer8MinimizeERKNS0_7FCNBaseERKNS0_20MnUserParameterStateERKNS0_10MnStrategyEjd,third_party/root_ref/math/minuit2/src/ModularFunctionMinimizer.cxx,28
_ZNK4ROOT7Minuit220NegativeG2LineSearch13HasNegativeG2ERKNS0_16FunctionGradientERKNS0_18MnMachinePrecisionE,third_party/root_ref/math/minuit2/src/NegativeG2LineSearch.cxx,11
_ZNK4ROOT7Minuit229Numerical2PGradientCalculatorclERKNS0_17MinimumParametersE,third_party/root_ref/math/minuit2/src/Numerical2PGradientCalculator.cxx,28
_ZNK4ROOT7Minuit229Numerical2PGradientCalculatorclERKNS0_17MinimumParametersERKNS0_16FunctionGradientE,third_party/root_ref/math/minuit2/src/Numerical2PGradientCalculator.cxx,104
_ZNK4ROOT7Minuit214SimplexBuilder7MinimumERKNS0_5MnFcnERKNS0_18GradientCalculatorERKNS0_11MinimumSeedERKNS0_10MnStrategyEjd,third_party/root_ref/math/minuit2/src/SimplexBuilder.cxx,1
_ZN4ROOT7Minuit217SimplexParameters6UpdateEdRKNS0_8LAVectorE,third_party/root_ref/math/minuit2/src/SimplexParameters.cxx,8
_ZNK4ROOT7Minuit217SimplexParameters5DirinEv,third_party/root_ref/math/minuit2/src/SimplexParameters.cxx,1
_ZNK4ROOT7Minuit220SimplexSeedGeneratorclERKNS0_5MnFcnERKNS0_18GradientCalculatorERKNS0_20MnUserParameterStateERKNS0_10MnStrategyE,third_party/root_ref/math/minuit2/src/SimplexSeedGenerator.cxx,1
_ZNK4ROOT7Minuit230SqrtLowParameterTransformation7Ext2intEeeRKNS0_18MnMachinePrecisionE,third_party/root_ref/math/minuit2/src/SqrtLowParameterTransformation.cxx,8
_ZNK4ROOT7Minuit230SqrtLowParameterTransformation7Int2extEee,third_party/root_ref/math/minuit2/src/SqrtLowParameterTransformation.cxx,79
_ZNK4ROOT7Minuit230SqrtLowParameterTransformation8DInt2ExtEee,third_party/root_ref/math/minuit2/src/SqrtLowParameterTransformation.cxx,5
VariableMetricBuilder.cxx:_ZZNK4ROOT7Minuit221VariableMetricBuilder7MinimumERKNS0_5MnFcnERKNS0_18GradientCalculatorERKNS0_11MinimumSeedERKNS0_10MnStrategyEjdENK3$_0clERKNSt3__112basic_stringIcNSF_11char_traitsIcEENSF_9allocatorIcEEEE,third_party/root_ref/math/minuit2/src/VariableMetricBuilder.cxx,27
_ZNK4ROOT7Minuit221VariableMetricBuilder7MinimumERKNS0_5MnFcnERKNS0_18GradientCalculatorERKNS0_11MinimumSeedERKNS0_10MnStrategyEjd,third_party/root_ref/math/minuit2/src/VariableMetricBuilder.cxx,27
_ZNK4ROOT7Minuit221VariableMetricBuilder7MinimumERKNS0_5MnFcnERKNS0_18GradientCalculatorERKNS0_11MinimumSeedERNSt3__16vectorINS0_12MinimumStateENSB_9allocatorISD_EEEEjd,third_party/root_ref/math/minuit2/src/VariableMetricBuilder.cxx,27
_ZNK4ROOT7Minuit221VariableMetricBuilder9AddResultERNSt3__16vectorINS0_12MinimumStateENS2_9allocatorIS4_EEEERKS4_,third_party/root_ref/math/minuit2/src/VariableMetricBuilder.cxx,119
_ZNK4ROOT7Minuit226VariableMetricEDMEstimator8EstimateERKNS0_16FunctionGradientERKNS0_12MinimumErrorE,third_party/root_ref/math/minuit2/src/VariableMetricEDMEstimator.cxx,125
Util.cxx:_ZN12_GLOBAL__N_19printTimeINSt3__16chrono8durationIxNS1_5ratioILl1ELl1000000000EEEEEEENS1_12basic_stringIcNS1_11char_traitsIcEENS1_9allocatorIcEEEET_,third_party/root_ref/math/minuit2/src/math/Util.cxx,69
_ZN4ROOT4Math4Util11TimingScopeC2ENSt3__18functionIFvRKNS3_12basic_stringIcNS3_11char_traitsIcEENS3_9allocatorIcEEEEEEESC_,third_party/root_ref/math/minuit2/src/math/Util.cxx,69
_ZN4ROOT4Math4Util11TimingScopeD2Ev,third_party/root_ref/math/minuit2/src/math/Util.cxx,69
